male_percent,female_percent,0 to 15 percent,15 to 25 percent,25 to 45 percent,45 to 65 percent,65 or older percent,Primary,Secondary,Tertiary,activity_level,Income,consumption_per_capita
0.4875205118546374,0.5124794881453626,0.15421257903259708,0.11851233855195722,0.2842259981410947,0.26676726204099005,0.17628182223336095,0.317,0.468,0.21600000000000005,0.70325,14546.0,2.4158126613835575
0.4879059989150638,0.5120940010849362,0.15695101656353075,0.12005394559823045,0.2832627083165655,0.2651439377169674,0.1745883918047059,0.308,0.465,0.228,0.70975,14863.0,2.4657296112383342
0.4878638637551132,0.5121361362448869,0.1544197011508674,0.11456219367794493,0.2822278201052426,0.26603064791241965,0.1827596371535254,0.34600000000000003,0.428,0.22699999999999998,0.7130000000000001,17045.0,2.737819849482319
0.4900615826430213,0.5099384173569786,0.16902675807583184,0.12097430743166107,0.2700434182771897,0.26835262855163394,0.1716028876636834,0.326,0.3670000000000001,0.307,0.6765000000000001,19458.0,2.2681167701877705
0.4869404397821219,0.513059560217878,0.1315304201183384,0.12202931216101395,0.2820311230507672,0.2827188299927538,0.1816903146771267,0.251,0.551,0.19699999999999998,0.667,3017.0,0.6543617601715205
0.4909312557875637,0.5090687442124364,0.14279463143494875,0.12391809359661285,0.30619958463358365,0.2742004272952015,0.15288726303965328,0.14400000000000002,0.711,0.145,0.7017500000000001,7058.0,1.2338141567220886
0.4956487551894959,0.5043512448105041,0.18091515804361472,0.12240199987786235,0.26492762620380583,0.26862933710683323,0.16312587876788387,0.321,0.405,0.273,0.78,25672.0,3.002637760438922
0.4902506051880696,0.5097493948119304,0.1347473089892862,0.11309625601161592,0.26672037912107976,0.2788189939551423,0.2066170619228758,0.21,0.563,0.22699999999999998,0.7667500000000002,18795.0,2.3801888787053493
0.465615132491806,0.534384867508194,0.15122741489098396,0.1353493988554628,0.2769915022238223,0.262088517876831,0.17434316615289994,0.182,0.518,0.3,0.7390000000000001,5727.0,1.2335068484574336
0.4969798401029756,0.5030201598970244,0.2095373308468669,0.13742958455436596,0.31747265810119424,0.22338896230471167,0.11217146419286116,0.299,0.362,0.339,0.7157499999999999,20512.0,2.8142757395172153
0.4911163834306312,0.5088836165693688,0.14637041990724406,0.11175354827093713,0.3005823483857646,0.25152471529429626,0.189768968141758,0.385,0.406,0.209,0.67825,11963.0,2.5607219231824425
0.4943846744371752,0.5056153255628248,0.14915674981654398,0.10580177921737004,0.3284952170860178,0.2485323142128276,0.1680139396672406,0.481,0.234,0.284,0.7352500000000001,14605.0,2.9512792151765477
0.4841063689713285,0.5158936310286715,0.1857050486634035,0.12447141038189725,0.26252946696118473,0.2612019767253538,0.16609209726816074,0.319,0.419,0.262,0.7025,19960.0,2.6997942517424587
0.4821577434661283,0.5178422565338716,0.15354903393032568,0.1195954678379222,0.2713336077253037,0.277134418211942,0.1783874722945064,0.254,0.588,0.157,0.6509999999999999,5810.0,1.1904982362585421
0.4840229056381905,0.5159770943618095,0.1409479615550177,0.10020649890979312,0.2862785785126419,0.26841494537359034,0.20415201564895696,0.463,0.407,0.13,0.6202500000000001,15964.0,2.3940194120217297
0.487834802353688,0.5121651976463121,0.17193397953951706,0.1611287447811119,0.2977110139902825,0.2438044778670313,0.1254217838220573,0.29600000000000004,0.38299999999999995,0.321,0.7365,16180.0,2.778343118225689
0.4578774668663676,0.5421225331336323,0.14161444637689907,0.14134469918472212,0.2738306553536329,0.2620377042438967,0.1811724948408492,0.195,0.578,0.226,0.72975,4488.0,1.3973521918339735
0.4615563581644162,0.5384436418355837,0.14959916943986842,0.14613606214687827,0.2709119993278116,0.2599281471277947,0.17342462195764705,0.171,0.56,0.26899999999999996,0.7025,4026.0,1.5145229381034189
0.4967593901996949,0.5032406098003052,0.1774886170344138,0.11861986272721114,0.3062465890938641,0.25812940928085154,0.13951552186365934,0.289,0.408,0.303,0.6820000000000002,32333.0,4.549581098459964
0.4750095962543253,0.5249904037456747,0.14747435772998754,0.12516241735338302,0.2975962231699314,0.2636566382313973,0.16611036351530067,0.244,0.585,0.171,0.619,4241.0,0.701862830511293
0.4980423982010835,0.5019576017989165,0.1528257818934514,0.13788231202312892,0.27314643730964405,0.2869233165952945,0.14922215217848112,0.603,0.256,0.142,0.60425,10435.0,3.141645319259784
0.494931007194032,0.5050689928059681,0.17574135343317573,0.12237311288713375,0.2700841611418264,0.27865931012080913,0.153142062417055,0.318,0.405,0.27699999999999997,0.779,20292.0,2.1009447279426925
0.4868743790892403,0.5131256209107597,0.1490924600105632,0.12227713756442896,0.2856228409188468,0.2665889813537288,0.17641858015243228,0.232,0.605,0.162,0.74425,21058.0,3.746231766153995
0.4842411286744301,0.5157588713255699,0.15304315936811608,0.14222298690822094,0.2927963168691978,0.2762329691638998,0.13570456769056538,0.18,0.626,0.194,0.6532499999999999,4402.0,1.5104847387651201
0.4789100162775185,0.5210899837224815,0.15302371149552574,0.11028110993552832,0.2923506066451733,0.2617749560007638,0.18256961592300888,0.6729999999999999,0.188,0.139,0.7367499999999998,8678.0,3.605688742619489
0.4868471707589618,0.5131528292410381,0.15797571216066789,0.12395029772083653,0.3021777181737699,0.2545387873267101,0.16135748461801547,0.306,0.5750000000000001,0.119,0.64925,2036.0,0.9774450463250659
0.4954171421648324,0.5045828578351675,0.14034116667708854,0.11619774731115558,0.2985530851363182,0.27965691830290146,0.16525108257253626,0.209,0.589,0.202,0.715,11736.0,2.4519608905441905
0.4867062060214344,0.5132937939785657,0.15494387254401798,0.14466747427375656,0.3099276307368085,0.2660843980328027,0.12437662441261425,0.163,0.687,0.151,0.6867500000000001,6117.0,1.6795374503917653
0.4905358888386219,0.5094641111613781,0.16599740592555967,0.12316490536075705,0.2526664383163594,0.2880407412826523,0.17013050911467165,0.236,0.448,0.316,0.745,21349.0,1.9865324441604244
0.497716762009455,0.502283237990545,0.16588103523918274,0.1331793545696128,0.2622277473957469,0.2576997054390675,0.18101215735639006,0.25,0.467,0.282,0.7909999999999999,18916.0,2.6290333942114277
0.4906234578016128,0.5093765421983872,0.17625540357839534,0.1309213759156766,0.2764720770276888,0.25370044826446475,0.16265069521377448,0.241,0.4420000000000001,0.316,0.75375,17106.0,2.7688428839369776
0.5035292636086012,0.4964707363913988,0.2093442055221484,0.14731920788338634,0.28234423700532063,0.2411390611718037,0.11985328841734093,0.406,0.33,0.263,0.8475,18320.0,1.4612206274718358
0.4995167962448636,0.5004832037551364,0.1889023072130228,0.12917255962549085,0.2780007570706758,0.2551711035303412,0.1487532725604694,0.257,0.429,0.314,0.78125,32419.0,2.630202707193171
0.4919935071590533,0.5080064928409467,0.15171467154460308,0.1189054800492075,0.28844849203794704,0.2728445841060001,0.16808677226224233,0.213,0.499,0.28800000000000003,0.81275,30668.0,
0.4930896719068305,0.5069103280931695,0.1954261786329909,0.14179460130112875,0.2784228135334192,0.2554632383469493,0.1288931681855118,,,,,,
0.5011954857988563,0.4988045142011436,0.17706099510795908,0.154877280021357,0.3003933313911967,0.2512059596964421,0.11646243378304515,0.39399999999999996,0.473,0.133,0.6425,,0.9697679041129046
0.4863462556234524,0.5136537443765476,0.15181470318176102,0.12296684251952016,0.27270399389489913,0.2822741445940473,0.17024031580977236,0.29300000000000004,0.561,0.146,0.5910000000000001,,0.8152017613842876
0.5025056603166161,0.4974943396833839,0.2599089443145681,0.1724712061435714,0.31147934590818865,0.18608369429703808,0.07005680933663383,0.7070000000000001,0.188,0.105,0.51925,2752.0,
0.4869588592986073,0.5130411407013926,0.1544545528532429,0.11654722316372824,0.28094290682047496,0.27050986378770736,0.1775454533748465,0.305,0.471,0.224,0.70475,14674.0,2.2879299096268055
0.4874799885861604,0.5125200114138396,0.15713985389400095,0.1183234027948558,0.2800419107628393,0.2685973055408643,0.17589752700743969,0.297,0.466,0.237,0.71075,14981.0,2.319321204554727
0.4871155718019685,0.5128844281980315,0.15476445382081194,0.11287919943734542,0.2775836606267825,0.27074197641457115,0.18403070970048893,0.333,0.4320000000000001,0.235,0.7145,17017.0,2.6164521976387616
0.4910367925933023,0.5089632074066976,0.1697444275504748,0.12118497127166625,0.26856633224363896,0.2693158342270694,0.17118843470715062,0.319,0.3770000000000001,0.304,0.667,19950.0,2.2513631029638748
0.4870017780205826,0.5129982219794174,0.13232107064982354,0.1180571471528806,0.28282129244442344,0.2821931571107729,0.1846073326420995,0.24,0.5589999999999999,0.201,0.6589999999999999,2911.0,0.5996029416901304
0.4908327485467111,0.5091672514532889,0.14511338185369682,0.11975819728760087,0.305141516455414,0.2738878302494838,0.15609907415380447,0.139,0.703,0.158,0.7052499999999999,7451.0,1.2285497450035379
0.4957321367298802,0.5042678632701199,0.17895226941992884,0.124792559401564,0.26026466794757713,0.26806324753247296,0.16792725569845707,0.309,0.413,0.278,0.77775,26944.0,2.4696327665460815
0.4877037259013465,0.5122962740986535,0.13566883375540134,0.11123376093597193,0.2589181043893597,0.2875475967864951,0.206631704132772,0.181,0.5760000000000001,0.243,0.773,19043.0,2.3524377871435878
0.4660589925244048,0.5339410074755953,0.15349036595821489,0.130243821728863,0.2773490967615781,0.2644209797993472,0.17449573575199676,0.177,0.51,0.313,0.7475,5603.0,1.1906573399850187
0.4964964084604259,0.5035035915395741,0.21267191160741225,0.1286517850716306,0.31730972650567796,0.226101051416565,0.11526552539871415,0.29100000000000004,0.365,0.344,0.7120000000000001,19726.0,1.8756089986579914
0.4902680765004057,0.5097319234995944,0.14638106793323474,0.10909594843011916,0.2976173095401115,0.2540047136700748,0.19290096042645985,0.371,0.407,0.222,0.6725,10985.0,2.179569960891579
0.4939120590417581,0.5060879409582418,0.15029191611216913,0.10277787551481048,0.3234050341252719,0.2524628553681009,0.1710623188796476,0.47,0.237,0.29300000000000004,0.7390000000000001,13929.0,2.9417852025697604
0.484203159369665,0.5157968406303349,0.18574328355893616,0.12307855366990066,0.2600702159096052,0.2637216574330541,0.16738628942850384,0.312,0.42,0.267,0.7010000000000001,20005.0,2.4068041919275815
0.4822426481815128,0.5177573518184871,0.15266522870109656,0.1181270144902266,0.27005818608872045,0.2818345693108185,0.1773150014091379,0.246,0.6,0.154,0.6415000000000001,5579.0,1.3406308618328109
0.4837093565215282,0.5162906434784718,0.14069306181839744,0.09979949360470004,0.28081179232975023,0.2736698700860731,0.20502578216107925,0.455,0.414,0.132,0.6204999999999999,15971.0,2.5240765438959674
0.4867609565216356,0.5132390434783645,0.16828559894540168,0.159585400910508,0.3008880013242021,0.24440578219019685,0.1268352166296914,0.28300000000000003,0.38,0.337,0.7354999999999999,16990.0,2.5481689330320654
0.4569250532028989,0.5430749467971011,0.1419754603888451,0.1340356356993259,0.27335565083473723,0.2669163527514876,0.18371690032560412,0.195,0.568,0.236,0.7282500000000001,4195.0,1.3794459531793188
0.4609934259061492,0.5390065740938509,0.1488631941159436,0.14230089353689393,0.2641758403033754,0.2660224701138837,0.1786376019299034,0.159,0.563,0.279,0.71375,3857.0,1.583540952374347
0.4974581900593936,0.5025418099406065,0.17592020944045014,0.11928727727414815,0.3039055173491716,0.26200765864332604,0.13887933729290405,0.29100000000000004,0.393,0.317,0.6795,32538.0,5.021719285402084
0.4750684026653256,0.5249315973346744,0.14592935793726286,0.1233440105783037,0.2998031589503493,0.2635710267119393,0.16735244582214487,0.243,0.5770000000000001,0.18,0.62375,4493.0,0.7809632304529598
0.4973746292070392,0.5026253707929608,0.1500015663065768,0.1352590068652422,0.2729494034781645,0.2847882714963529,0.15700175185366358,0.589,0.26,0.151,0.6185,10862.0,3.2184688952820784
0.4949316451285225,0.5050683548714775,0.17453830945006002,0.1225683018869284,0.26560088771484336,0.2814941510761507,0.15579834987201754,0.316,0.404,0.28,0.78075,20310.0,2.1581950355611976
0.4870198362682808,0.5129801637317192,0.14738887501188036,0.1215791117642592,0.2811121071778415,0.2734936294978821,0.17642627654813686,0.231,0.606,0.163,0.7454999999999999,21463.0,3.8754074014225735
0.4841929575286768,0.5158070424713233,0.1525000132675759,0.13703356654666649,0.29609167690021504,0.278243476989741,0.13613126629580158,0.17500000000000002,0.622,0.203,0.65725,5032.0,1.577008293322762
0.47797941513826,0.5220205848617401,0.15087629759642765,0.10888095883737024,0.2883599217268667,0.26494683818857984,0.1869359836507556,0.642,0.203,0.155,0.73625,8410.0,2.7836110845417896
0.4868023307422391,0.513197669257761,0.1583003940926159,0.1229284492906328,0.3031411512783838,0.25441650524413045,0.16121350009423707,0.3,0.5720000000000001,0.129,0.64125,2089.0,0.6393901203609024
0.4948631565187405,0.5051368434812595,0.14186643280204894,0.11210185987730888,0.29519863778412625,0.2855097749524556,0.1653232945840603,0.19699999999999998,0.588,0.21600000000000005,0.7027499999999999,11999.0,2.512565327576609
0.4868241610578946,0.5131758389421053,0.15420757110965969,0.13952499477973446,0.31137075827926697,0.26908215678005865,0.12581451905128024,0.157,0.68,0.16399999999999998,0.6869999999999999,6306.0,1.6986939243105186
0.4908428888116629,0.5091571111883372,0.16514072951788894,0.12275909181221578,0.2509526952662524,0.2860790776138751,0.17506840578976782,0.229,0.446,0.325,0.7497499999999999,21826.0,1.8991366251784807
0.4981370219753026,0.5018629780246974,0.16620969309346115,0.1328247785317299,0.26019667423214954,0.2562610654479761,0.18450778869468334,0.244,0.465,0.29100000000000004,0.79925,21584.0,2.2982841075337843
0.4911178433770322,0.5088821566229678,0.17588517389304512,0.13072240575799146,0.27375231448968124,0.2552462823930971,0.16439382346618509,0.238,0.43,0.332,0.7552500000000001,17136.0,2.516993058589966
0.5024493487244546,0.4975506512755454,0.20911157725497093,0.14705826937811664,0.2772599952269102,0.2435594689309535,0.12301068920904876,0.369,0.35700000000000004,0.274,0.8452500000000001,18953.0,1.5037205419581265
0.5001415562653129,0.4998584437346872,0.18732761485314425,0.1306097894337851,0.27622413651186256,0.2549854124896729,0.15085304671153515,0.254,0.425,0.321,0.77825,36475.0,2.52699478105909
0.4926759823911512,0.5073240176088488,0.15130822423099785,0.11900686824392062,0.2857830629059175,0.2749474151266039,0.1689544294925601,0.214,0.4970000000000001,0.289,0.8207499999999999,33799.0,
0.4938694845527144,0.5061305154472856,0.1922997499395015,0.14026780672743405,0.27917722029523273,0.260127450189562,0.12812777284826973,0.224,0.612,0.16399999999999998,0.5715000000000001,,
0.5010878420286163,0.4989121579713836,0.17448781986347048,0.1522050431539836,0.30072901942561164,0.2551767281522629,0.1174013894046714,0.38,0.47,0.15,0.6417499999999999,,1.0934620753239361
0.4869201049320635,0.5130798950679365,0.1444899565596261,0.11896837489479832,0.26984855235757216,0.29480873672645663,0.17188437946154678,0.28800000000000003,0.563,0.15,0.595,,0.7180546010313954
0.5024644687488793,0.4975355312511208,0.25607456387958666,0.17016529498234662,0.3093842181220327,0.19210896606632386,0.07226695694971018,0.7000000000000001,0.187,0.113,0.532,3326.0,
0.4869940281668166,0.5130059718331834,0.15405210093601046,0.11485795111336305,0.27826440480857745,0.27255043864097783,0.1802751045010712,0.298,0.47,0.232,0.71,14937.0,2.186720315414378
0.4875584737011258,0.5124415262988742,0.15679668929284676,0.11678755635247445,0.2773396938073933,0.27038206030726075,0.17869400024002474,0.28800000000000003,0.466,0.246,0.7167500000000001,15469.0,2.250441886411976
0.4871516423847034,0.5128483576152966,0.15432480555188274,0.11151724773348017,0.27396649702630804,0.2735268433740448,0.18666460631428436,0.325,0.433,0.242,0.71975,17279.0,2.465632779941557
0.4911829650874977,0.5088170349125023,0.16981661697765302,0.12074823068378528,0.26630187427844393,0.2693558954951607,0.1737773825649571,0.314,0.374,0.313,0.6692500000000001,20280.0,2.27196875799558
0.4867828525509798,0.5132171474490203,0.13374178269969636,0.11383942950290588,0.2845009242245085,0.2794318830705872,0.1884859805023021,0.23,0.564,0.207,0.67125,2859.0,0.598699270803303
0.4910034748647011,0.5089965251352989,0.1467087781621816,0.11542271650558353,0.30512538973836895,0.27078557833580585,0.16195753725805995,0.134,0.696,0.17,0.716,7791.0,1.1698828955023244
0.4957921453858389,0.5042078546141612,0.1767682415031155,0.126619115508315,0.2552470058324356,0.2678899227239918,0.17347571443214213,0.30100000000000005,0.414,0.28500000000000003,0.77225,27184.0,2.6146829714749735
0.4883726202228616,0.5116273797771385,0.13411287983378128,0.1101737129938664,0.2549728923574499,0.294044808839768,0.20669570597513445,0.179,0.5720000000000001,0.249,0.77225,19592.0,2.311154435836065
0.4664428542646224,0.5335571457353777,0.15515043951292504,0.12473655257969073,0.27822613202215185,0.26484492728360715,0.17704194860162525,0.168,0.511,0.321,0.748,5985.0,1.3036797386466683
0.4955015888088934,0.5044984111911066,0.2148122355389846,0.12406894578613192,0.3135042545824657,0.22874751568162985,0.118867048410788,0.282,0.361,0.35700000000000004,0.71125,19664.0,1.9477009632059124
0.4892373596997981,0.5107626403002019,0.1466733222651236,0.10702142786399847,0.29313458301996154,0.2564918694119627,0.1966787974389536,0.359,0.413,0.229,0.6744999999999999,9460.0,1.914095843643981
0.4933765635125933,0.5066234364874067,0.15115782170184647,0.10045711051076077,0.3176686195602614,0.25710794338417703,0.1736085048429544,0.464,0.236,0.3,0.7427499999999999,13864.0,2.6319979232455606
0.4841734643281538,0.5158265356718462,0.1858289621013888,0.12121914396687115,0.25793220253454424,0.2636263995227843,0.17139329187441155,0.304,0.419,0.27699999999999997,0.7072499999999999,20605.0,2.2685287725364027
0.482300448271088,0.517699551728912,0.15088152808803776,0.11771395776972038,0.2685533902839674,0.28386191342156564,0.17898921043670885,0.231,0.611,0.158,0.63875,5377.0,1.5413765513907793
0.4836599468362293,0.5163400531637706,0.14016883835152474,0.09965704231054047,0.2766472999631092,0.2752435098594717,0.20828330951535395,0.4420000000000001,0.419,0.139,0.63475,15979.0,2.4443570002977046
0.4860645629812149,0.5139354370187852,0.16500485492644526,0.1554782943605128,0.30757728149640784,0.2438193944160805,0.1281201748005536,0.264,0.386,0.35000000000000003,0.7345,16927.0,2.2091875979899736
0.4571625865054653,0.5428374134945347,0.14287956893857776,0.1271167583539424,0.2739810437433643,0.2704085899297393,0.18561403903437626,0.174,0.574,0.252,0.74425,4459.0,1.3868267062697774
0.4606113047464727,0.5393886952535273,0.1478409037564742,0.13869933191083755,0.2611953292687109,0.2713729769969181,0.18089145806705928,0.15,0.564,0.28600000000000003,0.7182500000000002,4337.0,1.6479164691879478
0.4988444383474992,0.5011555616525007,0.17142895248764892,0.12139970620345125,0.3037078953535561,0.263879600573875,0.13958384538146873,0.284,0.3820000000000001,0.33399999999999996,0.69425,32779.0,4.624656088568135
0.4757049615255855,0.5242950384744146,0.14501619776629404,0.12223974707823508,0.2933221908139661,0.27068176612288153,0.1687400982186233,0.235,0.5750000000000001,0.19,0.637,4696.0,0.7620487843956936
0.4974182485283058,0.5025817514716941,0.14766756237636092,0.13302965421773888,0.2744655678655765,0.2804122180550167,0.164424997485307,0.569,0.265,0.166,0.6385,11449.0,3.065013353079527
0.495080616374507,0.5049193836254929,0.17313800047673844,0.12239028142152215,0.2618540271846109,0.2802559755481476,0.16236171536898095,0.308,0.406,0.28600000000000003,0.7902499999999999,20562.0,2.0971495670627744
0.487403071387769,0.5125969286122309,0.14558948426170365,0.12105582210341645,0.2771258881740641,0.2782631220459363,0.1779656834148795,0.224,0.608,0.16899999999999998,0.7509999999999999,21807.0,3.6238708999481704
0.4841161385076926,0.5158838614923075,0.15140462095841636,0.1325149107582345,0.2989870531028543,0.27745370193279745,0.13963971324769744,0.16699999999999998,0.618,0.215,0.66475,5057.0,1.7462767384020488
0.47716250135879906,0.522837498641201,0.14919755448428335,0.10807892094379286,0.2843446054683195,0.2679434982439479,0.1904354208596564,0.616,0.217,0.16699999999999998,0.73425,8323.0,2.684866373546121
0.4865201505812402,0.5134798494187598,0.15845191251033292,0.12203958440278352,0.30471886041378593,0.2534466069758374,0.1613430356972603,0.292,0.573,0.135,0.64775,2049.0,0.6591493362158848
0.4946402230897068,0.5053597769102932,0.14310365965197694,0.10866087795841003,0.29181861701506595,0.288574144634677,0.1678427007398701,0.19,0.58,0.23,0.7040000000000001,12122.0,2.4556960770332203
0.4869717237425897,0.5130282762574103,0.15405669758389673,0.13472531799548584,0.3128092663612568,0.2706106334892703,0.12779808457009034,0.15,0.68,0.17,0.69425,6927.0,1.709113145573807
0.4910947746149191,0.508905225385081,0.1645876791500957,0.12231333870367825,0.2491567256349297,0.28256999700255514,0.1813722595087412,0.218,0.45399999999999996,0.328,0.7522500000000001,22699.0,1.8160910763528502
0.4984610647320876,0.5015389352679125,0.16706677472132606,0.1311037656908178,0.2585622157040258,0.255067803947229,0.18819943993660135,0.238,0.461,0.30100000000000005,0.8029999999999999,23782.0,2.1686676215914984
0.4914748838524328,0.5085251161475672,0.17583988544121712,0.13017622717524227,0.2709242800009979,0.2553374679943746,0.1677221393881681,0.222,0.4310000000000001,0.34600000000000003,0.7605,19168.0,2.6792694370744408
0.5018039583822264,0.4981960416177736,0.2074098411953376,0.14765235077837754,0.2724337010091528,0.2463302824063209,0.12617382461081122,0.365,0.35100000000000003,0.28500000000000003,0.84875,19360.0,1.5562887111652974
0.501190564535377,0.498809435464623,0.1852384839556587,0.1314885867461446,0.2753814279152886,0.2538533896792335,0.1540381117036746,0.245,0.424,0.33,0.7827500000000001,40127.0,2.4930308629078524
0.4930760100177733,0.5069239899822268,0.15018224532984556,0.1181063381448514,0.283286958012798,0.2768078643693472,0.1716165941431578,0.204,0.495,0.30100000000000005,0.8230000000000002,39307.0,
0.4938820714870677,0.5061179285129322,0.18959936031777766,0.13864886475750754,0.27939507470482405,0.26312251333208664,0.12923418688780414,0.215,0.609,0.17600000000000002,0.58825,,
0.5009850499613068,0.4990149500386932,0.1717283378823319,0.14963243897205256,0.3013864493245441,0.2591171738533077,0.11813559996776375,0.369,0.475,0.157,0.6387499999999999,1822.0,1.019557978988052
0.48698779724495395,0.513012202755046,0.14366654107744467,0.11744924825912967,0.270520985571004,0.2953632634758875,0.17299996161653422,0.273,0.568,0.158,0.6025,,0.7190238802824078
0.5022859976054098,0.4977140023945902,0.2527502142576999,0.1678460581528071,0.31054680508149235,0.1953772475178044,0.0734796749901963,0.685,0.19100000000000006,0.124,0.5335,3220.0,
0.48714739400894,0.51285260599106,0.15365637429053336,0.11314840456125196,0.27535447873453706,0.27436483937161155,0.18347590304206604,0.28800000000000003,0.472,0.24,0.71325,14977.0,2.1641353775145076
0.4877270625484913,0.5122729374515087,0.15650891048617716,0.11512249329230377,0.27447277572628603,0.2718820753399267,0.1820137451553064,0.279,0.467,0.254,0.71975,15448.0,2.2426801101966634
0.487266207106343,0.5127337928936571,0.15388546543500373,0.11032593477386,0.2702255477322044,0.27582847350256096,0.18973457855637094,0.314,0.436,0.25,0.72175,17260.0,2.4250955487748564
0.491369076638175,0.508630923361825,0.16983465754184734,0.12017329183925192,0.2647816380250124,0.2692845215835483,0.17592589101033995,0.304,0.381,0.315,0.6755000000000001,21501.0,2.296663130950525
0.48665628304939,0.51334371695061,0.13590252358690005,0.1088939992466249,0.28585944612654285,0.2777782353671166,0.1915657956728156,0.22100000000000006,0.557,0.222,0.684,2924.0,0.6166344268714912
0.4910885901413306,0.5089114098586695,0.1483717624124856,0.1112910886852334,0.3049814451615971,0.26726926505723353,0.1680864386834504,0.129,0.6900000000000001,0.181,0.7290000000000001,7694.0,1.2450717617782483
0.4959908100270087,0.5040091899729913,0.17448882917088196,0.12812719316720653,0.251810221917286,0.26712160793113515,0.1784521478134904,0.299,0.412,0.289,0.76575,27434.0,2.431982562507785
0.4890604071002857,0.5109395928997144,0.13266773505544566,0.1091949448054739,0.2520442106605423,0.2985126648231194,0.2075804446554188,0.177,0.5710000000000001,0.252,0.7765000000000001,19545.0,2.285347079252923
0.4667316580996141,0.5332683419003859,0.15666040991566266,0.11833591632618125,0.2802994150771035,0.2643848462399653,0.18031941244108726,0.158,0.519,0.32299999999999995,0.7509999999999999,6583.0,1.3587139321196386
0.495351729442995,0.504648270557005,0.21539622615314094,0.12237528089741395,0.3090801099141629,0.2307837317146874,0.12236465132059475,0.266,0.361,0.373,0.71825,19856.0,2.0206367615413425
0.48768073037815296,0.512319269621847,0.1468261112370798,0.10574115870102688,0.2868759039642881,0.2599176725103523,0.20063915358725293,0.34500000000000003,0.414,0.24,0.67475,8377.0,1.9105417383137366
0.492591469462884,0.5074085305371161,0.15172947034415635,0.09864012691349856,0.3106539156807637,0.26216392394349497,0.17681256311808646,0.456,0.235,0.309,0.743,13523.0,2.54791841411679
0.4843368213736665,0.5156631786263336,0.18587256013115785,0.11995239354668075,0.25589831456691925,0.2626007635629993,0.17567596819224288,0.28,0.4310000000000001,0.289,0.71125,20915.0,2.2101399830534247
0.4825001055807646,0.5174998944192354,0.14934727625089744,0.11739126354366584,0.2675533886732956,0.2843106983815642,0.1813973731505769,0.224,0.605,0.17,0.637,5078.0,1.5625076928333854
0.4840326233491581,0.5159673766508419,0.13987276952134234,0.0990412083043598,0.2715535454024494,0.2777576434450019,0.21177483332684646,0.434,0.422,0.14400000000000002,0.6335000000000001,15733.0,2.4154042829035363
0.4862532596970936,0.5137467403029065,0.16375748084603142,0.1497416495164446,0.3093622889136807,0.24496984563645224,0.13216873508739108,0.254,0.392,0.354,0.73575,15873.0,2.0236459529608135
0.4578360283127247,0.5421639716872754,0.14443738959643249,0.1201917161809939,0.2753834941262214,0.2723308586463751,0.18765654144997715,0.166,0.564,0.27,0.74,4663.0,1.4989635719933163
0.4606106184417066,0.5393893815582934,0.14690106177687376,0.13546294380203944,0.2598010367087777,0.27539372893817265,0.1824412287741365,0.14400000000000002,0.5579999999999999,0.298,0.7240000000000001,4698.0,1.707419882645116
0.4997998283178689,0.500200171682131,0.16988151698479995,0.12163734849796755,0.30301709931680937,0.2657032357054143,0.13976079949500875,0.261,0.386,0.35200000000000004,0.6985,33301.0,4.54865041311482
0.4759359308767824,0.5240640691232176,0.14440348869762004,0.12074158742563933,0.29230538355913604,0.2708157942063205,0.17173374611128414,0.228,0.578,0.195,0.6469999999999999,4449.0,0.8149429468656851
0.4979373220452109,0.5020626779547891,0.14542648795646956,0.13224333682832792,0.2774591783843658,0.2737669493430909,0.17110404748774585,0.5429999999999999,0.278,0.179,0.6627500000000001,12043.0,3.144663304277082
0.4950863773367323,0.5049136226632677,0.17151340245506813,0.12214480998475825,0.2582819290715051,0.2797394451289737,0.16832041335969475,0.29,0.416,0.29300000000000004,0.7937500000000001,20834.0,1.9848803876608279
0.4878952088652676,0.5121047911347325,0.14427155679341588,0.1205912071425698,0.27357670382614,0.2808598344033148,0.1807006978345595,0.222,0.6020000000000001,0.177,0.755,22073.0,3.7785378619269077
0.4841005203673376,0.5158994796326624,0.15087988753245152,0.12816116950697054,0.3015015158606751,0.2755726332993848,0.14388479380051802,0.161,0.613,0.226,0.66975,5174.0,1.739467050199316
0.4763573312416584,0.5236426687583416,0.1478171336748706,0.107090593193341,0.27998951874025785,0.271286602285872,0.19381615210565856,0.594,0.23,0.17600000000000002,0.7305,8177.0,2.8310943664937915
0.4875846113256125,0.5124153886743875,0.15682304670801914,0.1181327301787196,0.3008627740337024,0.2614348977930851,0.16274655128647378,0.289,0.573,0.138,0.649,2018.0,0.6977161081844663
0.4949730938240867,0.5050269061759133,0.14478917788384713,0.1048838145715436,0.28946615562984834,0.28981878463450683,0.1710420672802541,0.185,0.5710000000000001,0.244,0.70525,11852.0,1.8836780428539373
0.4871666781251548,0.5128333218748452,0.15350234233674795,0.13027875914184056,0.31451424511849924,0.2704454542699132,0.13125919913299905,0.147,0.675,0.177,0.6985,6737.0,1.6994949616857702
0.4913915963995626,0.5086084036004374,0.1642612030868263,0.1217082507628061,0.24754868267377034,0.27885441432450153,0.18762744915209573,0.208,0.456,0.336,0.7515000000000001,23272.0,1.872101232207292
0.4987398875228092,0.5012601124771908,0.16867696195426216,0.12890265723988328,0.2572255675110636,0.25386962788302464,0.19132518541176632,0.229,0.457,0.314,0.8109999999999999,25413.0,2.130443687629053
0.491729173439053,0.508270826560947,0.1762055353682326,0.12875327386558702,0.2683851062091179,0.25473990891090137,0.17191617564616116,0.217,0.4270000000000001,0.35600000000000004,0.76425,18694.0,2.7740288307275853
0.5015830011464719,0.4984169988535282,0.2065078590802748,0.1465557685556008,0.2705580428575423,0.2468891464221689,0.12948918308441326,0.35200000000000004,0.355,0.29300000000000004,0.8580000000000001,21230.0,1.6829455720798994
0.5020332490311852,0.4979667509688148,0.1835940430881312,0.13167289446723848,0.2749842366531222,0.253231114916531,0.15651771087497712,0.236,0.422,0.342,0.78175,42937.0,2.3762515745669313
0.4936552283475929,0.5063447716524071,0.14934619221650292,0.1170276126810846,0.2812512905737736,0.2783971011536175,0.17397780337502144,0.196,0.485,0.319,0.8240000000000001,40690.0,
0.4941286179744336,0.5058713820255664,0.18775054639044086,0.13617000030601087,0.2803156099360115,0.26476381598761783,0.13100002737991892,0.212,0.603,0.184,0.58625,2967.0,
0.5009654297592875,0.4990345702407125,0.1702734915584296,0.14580268380744935,0.3024757866725113,0.26125469986335603,0.1201933380982537,0.361,0.488,0.151,0.64925,1904.0,0.934074484779232
0.4869463991182907,0.5130536008817094,0.14355653863640006,0.11522556901373734,0.2712009530035835,0.29398225023863384,0.17603468910764528,0.26899999999999996,0.563,0.168,0.617,2419.0,0.7301776793071013
0.501883920776633,0.498116079223367,0.2493432669838216,0.1664957894087676,0.3121996392206294,0.19682974886451185,0.07513155552226955,0.677,0.193,0.13,0.5437500000000001,3438.0,
0.4873676122532595,0.5126323877467405,0.1532682241084372,0.11134332120928274,0.2727407143788441,0.2757874113496764,0.18686032895375956,0.284,0.471,0.245,0.7165,15114.0,1.9643465323883105
0.4879604238579779,0.5120395761420221,0.1562143558399827,0.11334535606882926,0.2719244536652138,0.27314473004392353,0.18537110438205076,0.275,0.465,0.26,0.723,15804.0,2.0319209370698164
0.4874704687604215,0.5125295312395786,0.15343498712380402,0.10908274594946006,0.2669097596184455,0.2777040396495128,0.1928684676587777,0.308,0.43799999999999994,0.253,0.7232500000000001,17382.0,2.230268094767203
0.4913577155204797,0.5086422844795203,0.1699617381162775,0.1190408770718479,0.26323066960979674,0.2694102589787529,0.1783564562233249,0.295,0.37799999999999995,0.326,0.677,21698.0,2.0686064615267603
0.4864893922265649,0.5135106077734352,0.1374811491044936,0.10377222169853832,0.28568869409994396,0.27740099372356786,0.1956569413734562,0.226,0.5379999999999999,0.236,0.6900000000000001,3320.0,0.5756608315433489
0.4910744139859722,0.5089255860140278,0.15005632861475554,0.1070056282954475,0.3048161417462527,0.2644659616402276,0.1736559397033166,0.124,0.685,0.19100000000000006,0.7352500000000001,7622.0,1.2037698427957415
0.4962079955786456,0.5037920044213544,0.1721396031976628,0.12884125152050696,0.2503648772443305,0.2661962757908635,0.18245799224663625,0.287,0.419,0.294,0.7659999999999999,27861.0,2.1597313493854347
0.4897630992816996,0.5102369007183004,0.13176632773521685,0.10774794300521734,0.2500437459574532,0.3017835783699186,0.20865840493219406,0.19699999999999998,0.5710000000000001,0.232,0.77725,19712.0,2.2099071794181437
0.4673279531607311,0.5326720468392689,0.15809773228688748,0.1116886137075084,0.2821907876387254,0.2642719097383455,0.18375095662853325,0.177,0.4970000000000001,0.326,0.7525000000000001,7210.0,1.4117166643423524
0.4950244207878992,0.5049755792121008,0.2149734402908933,0.12208927753623874,0.30418499771014684,0.2327801749603049,0.12597210950241622,0.24,0.381,0.38,0.71825,20169.0,1.4545285078799224
0.4862572387340602,0.5137427612659398,0.14643838771930354,0.1040452165028631,0.28116274040531697,0.2634880436709461,0.20486561170157028,0.331,0.422,0.246,0.67425,7680.0,1.5297319520475718
0.4918593722046984,0.5081406277953017,0.15193764543362054,0.09707532856057828,0.3030840145829269,0.266444766457935,0.1814582449649392,0.445,0.239,0.317,0.7417500000000001,13269.0,2.2378189046713155
0.4843142805411482,0.5156857194588518,0.18629943968184254,0.11909065655794715,0.2538463572972092,0.261133485818543,0.17963006064445808,0.265,0.4370000000000001,0.298,0.71,21206.0,2.0160837449377436
0.4826560365676912,0.5173439634323088,0.14779049399207733,0.11661390940821685,0.26700329588639377,0.28429298327285263,0.1842993174404594,0.21,0.605,0.185,0.6609999999999999,5225.0,1.5282835192486135
0.4850817670589912,0.5149182329410088,0.13898917698051688,0.09833790119249124,0.2678917944174481,0.28065854233315324,0.21412258507639054,0.423,0.4270000000000001,0.15,0.6395000000000001,15759.0,2.5121460758504446
0.4866410256410256,0.5133589743589744,0.1627016317016317,0.14254428904428906,0.3087540792540793,0.2472972027972028,0.1387027972027972,0.261,0.375,0.364,0.74275,14400.0,2.125756842737975
0.4581861913355597,0.5418138086644403,0.14708404031440922,0.11294609756438775,0.2756176966106877,0.2736846154922287,0.19066755001828656,0.161,0.5700000000000001,0.26899999999999996,0.74575,5210.0,1.2755952146097624
0.4606787494496296,0.5393212505503705,0.1461158794783847,0.1325832214473248,0.2585382160931037,0.2783753336196166,0.18438734936157028,0.142,0.5429999999999999,0.314,0.73725,4821.0,1.7937747853989676
0.5005039295590161,0.4994960704409838,0.16837796536166494,0.1203718527143065,0.3025887789259205,0.2678995051666424,0.1407618978314656,0.249,0.355,0.396,0.7080000000000001,34320.0,4.295384543933864
0.47617871770457,0.52382128229543,0.14435185902313016,0.1187329819238228,0.29040953736143194,0.2711743465995233,0.17533127509209187,0.22,0.5770000000000001,0.202,0.66975,4512.0,0.7333520876279097
0.4995831625619434,0.5004168374380565,0.1439323372703901,0.12947576288237267,0.2816260851745594,0.2676445657438802,0.17732124892879764,0.522,0.284,0.194,0.67825,12808.0,3.3053505921260102
0.4952309631143657,0.5047690368856343,0.16935201481179624,0.12230314661540365,0.2547735676771609,0.2801222321394564,0.17344903875618276,0.28800000000000003,0.414,0.297,0.7902500000000001,20891.0,1.9917986133168093
0.4884160226879237,0.5115839773120763,0.14326218360452414,0.11922149898927875,0.2709475767256017,0.2836001046570753,0.1829686360235201,0.203,0.524,0.274,0.7540000000000001,23211.0,3.3011815249572583
0.48408737199699,0.51591262800301,0.1504220806139094,0.12367954152911728,0.3037133656353478,0.2733065483755844,0.1488784638460412,0.155,0.6070000000000001,0.238,0.67875,5339.0,1.6883300006801776
0.4754844997761166,0.5245155002238835,0.14594898526473918,0.1065351426989592,0.2759132972185228,0.2731002969991947,0.19850227781858407,0.563,0.24,0.19699999999999998,0.7325,8229.0,2.6339230692769635
0.4885897653072136,0.5114102346927865,0.15513915635044745,0.11432558503750205,0.2971007971951708,0.2681666215561586,0.16526783986072108,0.312,0.546,0.142,0.6565000000000001,2158.0,0.644997903771455
0.4953090241304944,0.5046909758695056,0.14606530055771594,0.10115691492587643,0.28739523115252397,0.2906658386238316,0.17471671474005196,0.184,0.5650000000000001,0.251,0.70875,11909.0,1.9162610135214295
0.4872756371967314,0.5127243628032686,0.15323722583059773,0.1258787702764557,0.3156983199066313,0.26981956440136345,0.1353661195849518,0.152,0.667,0.181,0.7027500000000001,6809.0,1.7931300379622634
0.4916953297121588,0.5083046702878412,0.1641857768923572,0.12004853914775825,0.24703968066157064,0.2749093330544992,0.19381667024381474,0.201,0.452,0.34700000000000003,0.75375,23702.0,1.5023140888025535
0.4991627668363183,0.5008372331636817,0.1706712505225579,0.12603257028818654,0.257272160602783,0.25190961738807305,0.19411440119839948,0.22100000000000006,0.45,0.328,0.81525,25852.0,1.7513360821212014
0.49204032751338,0.50795967248662,0.17649050010766698,0.1271239482500428,0.2663067075840059,0.2549570207724011,0.17512182328588324,0.209,0.425,0.3660000000000001,0.767,20528.0,2.48768941546828
0.5014815565401893,0.4985184434598106,0.20514261325079605,0.144928470757298,0.271719004762475,0.24604585609403354,0.1321640551353974,0.336,0.362,0.302,0.8734999999999999,22477.0,1.422012879174885
0.5025493493501332,0.4974506506498668,0.1822252284175514,0.13067402510194853,0.2744789025777364,0.2535054042995554,0.15911643960320832,0.246,0.393,0.361,0.78,43775.0,2.0402333569761177
0.4941367735220429,0.505863226477957,0.14893512986030938,0.11550830744047245,0.2799663768541842,0.2795690615459104,0.17602112429912364,0.187,0.483,0.32899999999999996,0.8290000000000001,38143.0,
0.4941989088059776,0.5058010911940224,0.1859068317884673,0.13433174422103195,0.2808336323310073,0.26567726593308993,0.13325052572640345,0.203,0.595,0.202,0.61575,3040.0,
0.5009471049279953,0.4990528950720047,0.16866164609886194,0.14187597935684,0.3033712869154296,0.2622979626473241,0.1237931249815444,0.359,0.489,0.152,0.6525,1946.0,
0.4869148379006484,0.5130851620993516,0.14340906136613812,0.1127361367579346,0.27194578689445104,0.2916387694058244,0.18027024557565186,0.246,0.5770000000000001,0.177,0.6345000000000001,2426.0,0.5970010816618532
0.5018185976852049,0.4981814023147951,0.2458632993870809,0.16554192771041593,0.3125743792731724,0.1991734111700308,0.07684698245930002,0.674,0.19,0.136,0.551,3497.0,
0.4874939439914654,0.5125060560085346,0.15292131429474606,0.1098097754492396,0.2700898371456281,0.27673231505988777,0.1904467580504985,0.279,0.47,0.252,0.7190000000000001,15445.0,2.1818250569314097
0.4881201977018789,0.511879802298121,0.15597271302130464,0.11181485502626194,0.26940358643173284,0.2740181798676023,0.1887906656530983,0.26899999999999996,0.464,0.267,0.72525,16163.0,2.271237070071169
0.4876016386960194,0.5123983613039806,0.15287617187393507,0.10812598258740233,0.26357593027957193,0.2792523827554826,0.1961695325036081,0.303,0.43799999999999994,0.259,0.72475,17745.0,2.466725158092626
0.4915843468798571,0.5084156531201428,0.17003643410314634,0.11781825378646102,0.2618267562043962,0.26958575540651586,0.18073280049948054,0.287,0.387,0.327,0.6757500000000001,21690.0,2.2280835193456787
0.4862425331822313,0.5137574668177687,0.1385960230474086,0.09972969362963917,0.2846257489727442,0.2770638907733445,0.19998464357686366,0.222,0.537,0.241,0.69325,3332.0,0.6072953300939855
0.4912499436577618,0.5087500563422381,0.15192666731509666,0.10315464343073226,0.3038353051139774,0.26264753956411274,0.17843584457608103,0.124,0.6779999999999999,0.198,0.7404999999999999,7423.0,1.3040072667952942
0.4966705920704488,0.5033294079295513,0.17008753974360902,0.12897186519109174,0.2499588760211424,0.2652605299030075,0.18572118914114927,0.279,0.419,0.302,0.7694999999999999,28364.0,2.2840770997038238
0.4905993269229336,0.5094006730770664,0.13161388134223825,0.1065687004767152,0.2485765300984437,0.3027823984365437,0.2104584896460591,0.198,0.564,0.238,0.77625,20644.0,2.353814214015787
0.4675017302090701,0.53249826979093,0.1594515047114924,0.10706001353745996,0.2839413782351107,0.2619627795903778,0.1875843239255592,0.173,0.495,0.333,0.76675,7882.0,1.5852808605812971
0.4945546107032476,0.5054453892967524,0.21408419269001144,0.12196269604224536,0.2998020149960653,0.2348417263710852,0.12930936990059275,0.235,0.375,0.39,0.7207499999999999,21629.0,1.826190718282798
0.4852073371033277,0.5147926628966722,0.1453228388459109,0.10248463393595406,0.27596390059401266,0.2672519054582521,0.20897672116587024,0.315,0.43,0.254,0.6782499999999999,7527.0,1.8537345368317537
0.4914264751456768,0.5085735248543232,0.1517576967620687,0.09628927633660292,0.2960126967819828,0.2709652071015089,0.18497512301783667,0.435,0.244,0.321,0.743,13352.0,2.5835603802430978
0.4841280798158805,0.5158719201841194,0.18577165393085784,0.11825834220821635,0.2516880058342879,0.26019236496084985,0.18408963306578804,0.26,0.436,0.304,0.7127500000000001,21415.0,2.1844676027853445
0.4826211814690309,0.517378818530969,0.14698308954880535,0.1156235415292016,0.2658804690584089,0.2833265014971661,0.18818639836641804,0.204,0.599,0.19699999999999998,0.6695000000000001,5453.0,1.2440796036456554
0.4852585413565703,0.5147414586434297,0.13789024773695838,0.09781251975882732,0.2628462889723028,0.28401627077954245,0.21743467275236905,0.419,0.4270000000000001,0.155,0.6405,15846.0,2.5423581490613874
0.486211464354528,0.5137885356454721,0.16435027768332766,0.1407625429748007,0.30415297140050623,0.2446659299557973,0.14606827798556798,0.255,0.381,0.364,0.7390000000000001,13793.0,2.823349645725465
0.4587930291385714,0.5412069708614287,0.14990211953500734,0.10689161047602937,0.2755622084733064,0.27375816677542275,0.1938858947402341,0.156,0.563,0.281,0.7575000000000001,5840.0,1.5206843899241176
0.4608477432013972,0.5391522567986028,0.14564321858155824,0.1292472226044771,0.25785054541496105,0.2799718067054581,0.18728720669354545,0.138,0.53,0.332,0.74125,5180.0,1.8465748966699163
0.5008757314044743,0.4991242685955258,0.1665257443716938,0.11953289588210846,0.3024151002383837,0.26970395660067004,0.14182230290714404,0.303,0.34500000000000003,0.35200000000000004,0.70875,35270.0,4.6789032219055695
0.4764593548156672,0.5235406451843329,0.14481007746786054,0.1163918356430084,0.2885067744933297,0.27128270903837026,0.17900860335743105,0.21899999999999997,0.5720000000000001,0.209,0.6865000000000001,4567.0,0.896639448400813
0.5014612534711878,0.4985387465288123,0.14290490367098713,0.12579288636792654,0.2884434750768153,0.2613562706537091,0.1815024642305619,0.504,0.297,0.199,0.6879999999999998,13551.0,3.5033572187472695
0.4954141023290952,0.5045858976709048,0.16727482594534696,0.12248142476246285,0.25101164293178885,0.2812702247228906,0.17796188163751073,0.284,0.411,0.305,0.79625,21294.0,2.023683529411706
0.4892758539794053,0.5107241460205947,0.14280996714473718,0.11765238279281615,0.2692288786181733,0.28580770527317306,0.1845010661711004,0.196,0.523,0.281,0.7552500000000001,23260.0,3.653087599087413
0.4840643542819753,0.5159356457180247,0.15036699578120222,0.11924204145208653,0.3053392059394173,0.27087174542161063,0.15418001140568338,0.152,0.603,0.244,0.6809999999999999,5560.0,1.7692567971577415
0.4745783590311236,0.5254216409688763,0.1436401511274121,0.10655421365301496,0.2717329511773792,0.2751615401208811,0.20291114392131254,0.544,0.249,0.207,0.7340000000000001,8435.0,3.0286157458207392
0.4885132326088829,0.5114867673911172,0.15505705476021994,0.1112201328925022,0.2936742321475491,0.27017489667045064,0.16987368352927815,0.294,0.556,0.15,0.66075,2315.0,0.8117043752792326
0.4955363245646608,0.5044636754353392,0.1475174925855869,0.0982653327348156,0.2844114570254897,0.2907419454605565,0.17906377219355132,0.174,0.5589999999999999,0.266,0.7175,12332.0,1.9691288846404111
0.4873930824228434,0.5126069175771565,0.15313181276468274,0.12159980846095685,0.31608811755155397,0.2695694374223095,0.13961082380049689,0.146,0.665,0.18899999999999997,0.7092499999999999,6930.0,1.8238243818083006
0.4919562341355686,0.5080437658644313,0.163861197681986,0.11854847980162847,0.2474636556145718,0.2706681021603132,0.1994585647415006,0.192,0.453,0.355,0.7582499999999999,23763.0,1.6274247684764453
0.4998525240949981,0.500147475905002,0.17256301837780608,0.12298361965887156,0.2584921755696802,0.2497147174797676,0.1962464689138746,0.21600000000000005,0.444,0.34,0.8175,25306.0,1.9753917384933835
0.4924044452076702,0.5075955547923299,0.17684755522351775,0.12553175128400762,0.2647088950303649,0.2554505822077805,0.1774612162543292,0.203,0.421,0.376,0.76875,21029.0,2.908631751467465
0.5019325432999089,0.4980674567000912,0.20359161349134006,0.14326648435126102,0.272275903980553,0.2455241567912489,0.13534184138559707,0.325,0.358,0.317,0.88375,24554.0,1.6469437820995532
0.5030882650958783,0.4969117349041216,0.18049690573470245,0.1298201700844267,0.2740299851369198,0.25416776912307826,0.16148516992087286,0.243,0.389,0.3670000000000001,0.78225,41528.0,2.159851134198821
0.4945429931245088,0.5054570068754912,0.14870486373203284,0.11375600807316052,0.2790076703765363,0.2806212342185274,0.17791022359974293,0.185,0.473,0.342,0.8330000000000002,39518.0,
0.494329680645685,0.5056703193543151,0.18486446690960764,0.1331990567417726,0.2796596683164577,0.26554937397423883,0.13672743405792326,0.195,0.605,0.2,0.626,3131.0,
0.5009337068160598,0.4990662931839402,0.1680111658189846,0.13792860139224772,0.3035257581293387,0.2637001660567609,0.12683430860266812,0.353,0.485,0.162,0.6492500000000001,2119.0,
0.4869563714009052,0.5130436285990948,0.1438427705638415,0.11067254788989024,0.2718706992992937,0.2888845190306468,0.1847294632163278,0.236,0.5760000000000001,0.187,0.637,2382.0,0.6508404470983059
0.5017549187663741,0.4982450812336259,0.2427725147518716,0.16451808064425122,0.3117045784035153,0.20129712371967512,0.07970770248068676,0.66,0.193,0.14800000000000002,0.56025,3390.0,
0.4880125313051628,0.5119874686948372,0.15251897115852436,0.10884206604530823,0.26800965722272946,0.27723899598390594,0.19339030958953207,0.274,0.469,0.257,0.7225,15881.0,2.351966506537462
0.4886402824260275,0.5113597175739725,0.15571837034727734,0.11072302815681766,0.2674501093702126,0.2745431818300938,0.19156531029559865,0.265,0.462,0.273,0.7290000000000001,16562.0,2.430900438445464
0.4882424109949479,0.5117575890050522,0.1522421214967791,0.1078190501184493,0.26104043519349024,0.2802206394659856,0.19867775372529575,0.298,0.4370000000000001,0.265,0.7282500000000001,18231.0,2.6345349495509875
0.4923708242077242,0.5076291757922758,0.16986315321466486,0.11723837707628698,0.2610222314913726,0.26949796381736657,0.18237827440030904,0.282,0.386,0.332,0.67625,22293.0,2.318172224706226
0.4860612229835287,0.5139387770164713,0.13953538435043608,0.0961714807156604,0.2838812298498249,0.27607445234577954,0.20433745273829906,0.21899999999999997,0.537,0.244,0.6869999999999999,3147.0,0.6938202531119984
0.4914162547235164,0.5085837452764836,0.1538506873752054,0.0993500661323084,0.3024963513290846,0.261202578056164,0.1831003171072376,0.124,0.6709999999999999,0.206,0.75,7838.0,1.4356724869663144
0.49724236764775204,0.502757632352248,0.1682550846283088,0.12925890240327612,0.25040006125541003,0.2638303449418993,0.18825560677110573,0.273,0.417,0.309,0.7745000000000001,28659.0,2.541792528393807
0.4930183848545757,0.5069816151454243,0.13241296537306582,0.10681799740176183,0.2494335550647805,0.3008087526232213,0.21052672953717064,0.198,0.557,0.244,0.77925,21263.0,2.491328944747627
0.4686430425610816,0.5313569574389184,0.16067932981950597,0.10215252320767447,0.2845265452025314,0.2624169417543604,0.19022466001592767,0.16699999999999998,0.493,0.341,0.7747499999999999,8647.0,1.754299336148701
0.4949215938265268,0.5050784061734732,0.21253559348714826,0.121447580616154,0.2965398200616721,0.2373396362386872,0.13213736959633846,0.23,0.376,0.395,0.72675,22544.0,1.9125443709290686
0.48445215893398097,0.515547841066019,0.1443619602386851,0.1013441708763966,0.2707296201654564,0.2709430895454901,0.21262115917397176,0.3,0.435,0.264,0.682,7504.0,2.1301414056240904
0.4911157489134552,0.5088842510865449,0.15127874727398838,0.09617251246600486,0.2893707009539321,0.2759656046383536,0.1872124346677211,0.4260000000000001,0.247,0.327,0.7422500000000001,13685.0,2.866065509788979
0.4839160357278134,0.5160839642721866,0.1843297056797185,0.11799681657980007,0.2494374901698932,0.25965467863712377,0.1885813089334645,0.255,0.436,0.309,0.7140000000000001,21720.0,2.3066120576549882
0.4826907111967087,0.5173092888032913,0.14591274090127376,0.11438483927029312,0.2656671285658686,0.28196929893532513,0.1920659923272394,0.206,0.594,0.2,0.6559999999999999,5726.0,1.3299631270276562
0.4855526821144343,0.5144473178855657,0.13651666989722058,0.0975468763153573,0.2581288349297281,0.28742300552087624,0.2203846133368178,0.416,0.4270000000000001,0.157,0.6495000000000001,16247.0,2.5501545504250123
0.4864820898742101,0.5135179101257901,0.1644876514613017,0.13809663581742246,0.3024475462650253,0.2437986182084805,0.15116954824776999,0.24,0.38299999999999995,0.376,0.73375,14020.0,2.9689875271649497
0.4592781863697379,0.5407218136302621,0.15249698190463276,0.10138007076843222,0.27519189093514995,0.2745910652187935,0.1963399911729916,0.149,0.556,0.295,0.763,6374.0,1.6496339743872925
0.4603012991257229,0.5396987008742771,0.14669845646166704,0.12393900347509032,0.25700401376742305,0.2824620450757783,0.18989648122004127,0.124,0.535,0.341,0.7547499999999999,5644.0,1.9391728975582136
0.5018542331526823,0.4981457668473178,0.16467013391780289,0.11898155137796335,0.3034052987510608,0.2707180402916101,0.14222497566156295,0.282,0.354,0.364,0.69975,33838.0,4.715025201254162
0.476936692340205,0.523063307659795,0.14490109084139796,0.11394453071237075,0.2874595709163892,0.27093892112138923,0.1827558864084529,0.218,0.5760000000000001,0.206,0.70125,4772.0,1.044722187295775
0.5026386776639321,0.4973613223360678,0.1417070923481678,0.1216367128092981,0.2957983193277311,0.2558840180722223,0.18497385744258074,0.479,0.318,0.203,0.70575,13617.0,3.5542633392887635
0.4957344668039333,0.5042655331960667,0.1648950004476086,0.1227786245694712,0.2484073379539105,0.2822071461889662,0.18171189084004355,0.279,0.411,0.31,0.7967500000000002,22745.0,1.9777412449727814
0.4910714603841562,0.5089285396158438,0.14330798872842632,0.11717882859445194,0.2688236073656242,0.2862205965631056,0.1844689787483919,0.196,0.515,0.289,0.762,23694.0,3.8942708407091553
0.4840239902806656,0.5159760097193344,0.1503627775220454,0.114882924367709,0.3066398954950837,0.2685167613979737,0.15959764121718822,0.146,0.6020000000000001,0.252,0.688,5905.0,1.854336811113738
0.4739727868659061,0.5260272131340941,0.14126152052008786,0.1069006597797382,0.2674933495014665,0.2773281579835476,0.20701631221515995,0.529,0.256,0.215,0.737,8782.0,3.149230261251221
0.4883323545330262,0.5116676454669737,0.1551933811676122,0.10947196148292168,0.28932245679973545,0.27215828883608456,0.17385391171364614,0.28,0.569,0.151,0.65575,2448.0,0.9498668935317269
0.4957557160491196,0.5042442839508804,0.1484312475414061,0.09648055312791276,0.2815073045672197,0.28943972157574793,0.18414117318771356,0.172,0.556,0.272,0.7165,12327.0,2.160770435271647
0.4876445104281924,0.5123554895718075,0.15333659402475225,0.11719581029410354,0.3164506550746261,0.2685459503170881,0.14447099028942995,0.14300000000000002,0.66,0.19699999999999998,0.71875,6951.0,1.8733114387146752
0.4923160865036189,0.5076839134963811,0.16329008686955426,0.11670330879914158,0.2484196257982967,0.266914122553354,0.2046728559796534,0.18600000000000005,0.455,0.359,0.7590000000000001,23650.0,1.6543193947905992
0.5005540037135252,0.4994459962864748,0.17431124116423716,0.11967495335760765,0.26007446743823504,0.2482717266653788,0.19766761137454134,0.211,0.436,0.353,0.821,25202.0,2.2057884937766468
0.4929111536106279,0.5070888463893721,0.17748531165429707,0.1235200533063775,0.26364325547495004,0.2562023543813213,0.17914902518305406,0.205,0.412,0.38299999999999995,0.773,21136.0,2.961325752460905
0.5030237964207633,0.4969762035792367,0.20010284817264054,0.14136210676362065,0.2755579212640101,0.2444237946164094,0.13855332918331936,0.292,0.374,0.33399999999999996,0.8935,28341.0,1.8433942266651504
0.5035051771146449,0.49649482288535496,0.17916906316803374,0.12834653783996494,0.2733928759570892,0.25502344109385244,0.1640680819410596,0.249,0.38299999999999995,0.368,0.7805,39569.0,2.257610211164626
0.4949451947766853,0.5050548052233147,0.14852567380390305,0.11225469627816367,0.278517221908255,0.2811624322725512,0.17953997573712707,0.182,0.463,0.354,0.83875,44134.0,
0.4945758560504518,0.5054241439495483,0.1833891015689035,0.13233143367758568,0.2795595755828343,0.26406661330916176,0.14065327586151474,0.196,0.5920000000000001,0.212,0.6345000000000001,3210.0,
0.5009472412684343,0.4990527587315658,0.16651989737736794,0.13486504467290242,0.3043174310739553,0.2642923837360316,0.1300052431397427,0.33399999999999996,0.486,0.179,0.6452499999999999,2233.0,
0.4870091623221617,0.5129908376778383,0.144239590569857,0.10867659303383148,0.27196634094420136,0.28527188791092384,0.1898455875411864,0.233,0.573,0.194,0.65625,2432.0,0.6957811388100787
0.50178641883288,0.49821358116711995,0.23985226613619198,0.16382390771431518,0.3104772043117077,0.20335802468884945,0.08248859714893576,0.644,0.196,0.16,0.5695,3755.0,
0.4881427300691442,0.5118572699308559,0.1524200991604622,0.10765825886901714,0.26535495135583576,0.27800115021413724,0.19656554040054766,0.26899999999999996,0.468,0.264,0.72725,16313.0,2.4757838477787657
0.4888044683264515,0.5111955316735485,0.15575664949840726,0.10938577027431648,0.26499722792452085,0.2753305197152453,0.19452983258751014,0.26,0.461,0.279,0.733,16924.0,2.53945179024578
0.48833977599100203,0.511660224008998,0.15187486509339304,0.10720855866513772,0.25788042667690353,0.2815234260299744,0.2015127235345913,0.29300000000000004,0.436,0.271,0.73075,18698.0,2.751018822535919
0.4923719536243252,0.5076280463756748,0.1698261418725098,0.11576458806664396,0.2598668907382991,0.26996755647841075,0.1845748228441364,0.272,0.371,0.35600000000000004,0.68025,22730.0,2.6027196766851524
0.4857852007481421,0.5142147992518579,0.140951686030376,0.09287737196697372,0.2821433092377644,0.2767416249745313,0.2072860077903546,0.214,0.541,0.245,0.7134999999999999,3588.0,0.8231114156897757
0.4916131477801872,0.5083868522198128,0.15571443695988774,0.09569819696336644,0.30050865786543296,0.260068892371739,0.1880098158395738,0.121,0.665,0.214,0.7589999999999999,8282.0,1.6968457505776413
0.4975287752908492,0.5024712247091507,0.16726502665179274,0.12884010472502894,0.24978512791173205,0.2636042603207748,0.19050548039067147,0.267,0.412,0.321,0.7789999999999999,29383.0,2.714483441249899
0.4931689625751922,0.5068310374248077,0.13388689632768264,0.10599521073578108,0.24803011398717376,0.2999046201849592,0.21218315876440333,0.198,0.5539999999999999,0.24800000000000005,0.7827500000000001,21906.0,2.8499632762717764
0.4693839856799189,0.5306160143200812,0.16236190128721112,0.09876219468165563,0.28299414351244834,0.2624588126646068,0.19342294785407807,0.168,0.484,0.34700000000000003,0.78825,9389.0,1.9247140709786361
0.4949265140353521,0.5050734859646479,0.2107805750501162,0.121943832673931,0.292720294340984,0.23942460292163065,0.1351306950133382,0.218,0.37799999999999995,0.404,0.7265,22879.0,1.9988050114919602
0.4848795893610005,0.5151204106389995,0.14437603412197386,0.10118002156907847,0.2658083858638121,0.2732102777132616,0.21542528073187395,0.29300000000000004,0.436,0.272,0.6825,7611.0,2.3045219185465684
0.4907708524221875,0.5092291475778125,0.15055827429937707,0.09637123209874547,0.2828209295971821,0.2806300779074564,0.18961948609723892,0.418,0.249,0.332,0.7390000000000001,14207.0,2.957531805298933
0.4836767100211741,0.5163232899788258,0.18293433108691687,0.11757788705779405,0.24696378448340586,0.2596214005438961,0.19290259682798708,0.253,0.433,0.314,0.715,21965.0,2.1272164737216164
0.4826931117879608,0.5173068882120392,0.14526217119825102,0.11229250883380318,0.2640143873219789,0.2824222060833183,0.19600872656264856,0.199,0.596,0.206,0.6644999999999999,6210.0,1.3565639097658766
0.4859879637451705,0.5140120362548295,0.135049660877402,0.0973000000247568,0.2529835683426379,0.2913844812409158,0.22328228951428752,0.409,0.4260000000000001,0.165,0.6545000000000001,16542.0,2.6066179803652725
0.4874380265839341,0.5125619734160659,0.1629699041415439,0.1366304711500441,0.3024747251410268,0.2422830082288062,0.155641891338579,0.229,0.39,0.381,0.7390000000000001,14497.0,3.0491345581324945
0.4592972930841037,0.5407027069158963,0.1556763802768656,0.09656297368977024,0.2732755384807878,0.2755692481883129,0.19891585936426345,0.152,0.5479999999999999,0.3,0.7697499999999999,6607.0,1.73575333296928
0.4607549973594616,0.5392450026405384,0.1482219906288976,0.11784350876995855,0.2551262261649269,0.2856146134139353,0.19319366102228164,0.12,0.532,0.348,0.7595,6135.0,2.0507562130595414
0.5022135992022578,0.4977864007977422,0.1623977638838804,0.11899767550921245,0.303216533173514,0.27295413490172976,0.14243389253166336,0.305,0.354,0.341,0.7017500000000001,36102.0,5.000719385871372
0.4771892719014457,0.5228107280985543,0.1452264497256001,0.1112245180203522,0.2863283015027924,0.270620616702463,0.18660011404879234,0.211,0.58,0.209,0.7117499999999999,4993.0,1.1602172850462438
0.5032902669363476,0.4967097330636524,0.14139566410382862,0.11720258876334193,0.30108603792768585,0.2522219349680749,0.18809377423706866,0.456,0.32299999999999995,0.22100000000000006,0.7215,14522.0,3.852040423426248
0.4961565744755425,0.5038434255244575,0.16285261013562796,0.12303645105786043,0.24671570254310696,0.28241975371376776,0.1849754825496369,0.266,0.413,0.321,0.7975,23563.0,2.0715267824543604
0.4915658681627952,0.5084341318372049,0.14405100272259974,0.1147848507870576,0.2681389717042266,0.2877359904660564,0.18528918432005964,0.193,0.51,0.297,0.76425,24752.0,3.9206991820875756
0.4839716225470311,0.5160283774529689,0.150958007913209,0.11047623251110976,0.3072164975059624,0.2658722927185774,0.1654769693511415,0.139,0.598,0.263,0.6955000000000001,5960.0,2.0416772128091267
0.4735846964757901,0.52641530352421,0.13991035322219456,0.10637889658475673,0.26283649187022584,0.2797462125734984,0.21112804574932445,0.517,0.266,0.217,0.74675,9071.0,2.8068882568877265
0.4888059931330508,0.5111940068669492,0.15573589607670027,0.1080623351241647,0.2851329943892646,0.27319532340467795,0.1778734510051925,0.27,0.5770000000000001,0.153,0.6729999999999999,2742.0,1.3282025475987007
0.4962135055266604,0.5037864944733397,0.14937545228581314,0.0947870051478899,0.2778771428363978,0.28897402820569296,0.18898637152420625,0.16699999999999998,0.546,0.287,0.74225,12713.0,2.254056440916597
0.4878595518258921,0.5121404481741079,0.15458601232709693,0.11232189026525097,0.31594583819273225,0.2672644578272245,0.1498818013876953,0.14800000000000002,0.645,0.207,0.721,7183.0,1.9752223207021147
0.492854919514611,0.507145080485389,0.16248041855636722,0.11514988197075315,0.2499868715062989,0.2634217270120076,0.20896110095457324,0.184,0.452,0.364,0.7675000000000001,23987.0,1.754745616182117
0.5015778147668175,0.4984221852331826,0.1761847967709949,0.11703582726547558,0.26192655580159696,0.24707125543751055,0.19778156472442196,0.211,0.429,0.36,0.82525,25395.0,2.2255756258827706
0.4932821206782526,0.5067178793217474,0.17833341954702667,0.12107497733055735,0.2625766920920619,0.25725969669405063,0.18075521433630345,0.2,0.413,0.387,0.77575,20995.0,2.9773271891640416
0.5054928490995984,0.4945071509004017,0.19747657005045088,0.1392910870137048,0.27934765582283383,0.24367147531099545,0.14021321180201507,0.297,0.35000000000000003,0.353,0.8865,,2.1139924353884476
0.5037980783585319,0.4962019216414682,0.17832892159221286,0.12709808100196318,0.2721351717669361,0.25606862423851584,0.16636920140037198,0.249,0.38299999999999995,0.368,0.7732499999999999,38494.0,2.1546137672507206
0.4956840923802341,0.5043159076197659,0.14905677856892588,0.11069593980675926,0.2778355137744891,0.2815162330528353,0.18089553479699036,0.17800000000000002,0.455,0.368,0.8394999999999999,43663.0,
0.4944704821919481,0.5055295178080519,0.1820442907708548,0.1318038455173389,0.2781998981341191,0.2636864201855116,0.14426554539217562,0.195,0.6,0.206,0.635,3500.0,
0.5008496881422693,0.4991503118577308,0.16555850358441088,0.13091755710319036,0.3051677627740148,0.26565388855293576,0.13270228798544825,0.32,0.501,0.18,0.65275,2439.0,
0.4870588806796101,0.5129411193203899,0.14381276746125718,0.10726844076478864,0.27174646093219124,0.28364827381669344,0.19352405702506947,0.23,0.5720000000000001,0.198,0.66725,2534.0,0.7004074575661837
0.5017066305851701,0.49829336941483,0.2371209996693473,0.16273962279535606,0.3092794825164849,0.20752325716344264,0.08333663785536909,0.634,0.2,0.166,0.57975,3868.0,
0.4882801155110111,0.5117198844889889,0.15220259778366754,0.10662766878548756,0.2630203329299365,0.27853401696841684,0.19961538353249147,0.263,0.465,0.271,0.73075,16864.0,2.6021147139128513
0.4889629917325693,0.5110370082674307,0.15568549413316887,0.1082025520520247,0.26285426994449346,0.27586170009290123,0.1973959837774117,0.255,0.45899999999999996,0.287,0.73675,17468.0,2.643601990133905
0.4884502303342682,0.5115497696657317,0.15128861018309533,0.10667870578391338,0.25530090702793834,0.2824822240698719,0.20424955293518104,0.287,0.434,0.279,0.73375,19222.0,2.880478772762637
0.4925362253170108,0.5074637746829893,0.16966503485650725,0.11436634832609545,0.2592451574488737,0.2698007621820561,0.1869226971864676,0.263,0.3770000000000001,0.36,0.6859999999999999,23667.0,2.6604325267173903
0.4854457439496037,0.5145542560503964,0.14246399379066824,0.09052864142215483,0.2799355293889363,0.2768731328104233,0.2101987025878173,0.215,0.536,0.24800000000000005,0.715,3585.0,0.851450918652995
0.4919664412672696,0.5080335587327304,0.1574616719705977,0.09306247705596248,0.29729054184921755,0.25989761598785305,0.19228769313636926,0.121,0.662,0.217,0.76575,9088.0,1.8189774274921808
0.4975572503238953,0.5024427496761047,0.1661543730616015,0.127577886213738,0.2493772043472019,0.26383979768871113,0.19305073868874748,0.266,0.41,0.324,0.78225,30097.0,2.8383771333088483
0.4933253435453234,0.5066746564546766,0.134937090988031,0.10487781655095167,0.248089331344148,0.2981906021728988,0.21390515894397052,0.196,0.552,0.252,0.7865000000000001,22647.0,2.9028553557091152
0.4708274298345959,0.5291725701654041,0.16315716459219806,0.0960979673770575,0.2821353116023934,0.2627369643546177,0.19587259207373328,0.168,0.473,0.359,0.7907500000000001,10521.0,2.0046662219837397
0.4952440712886242,0.5047559287113758,0.20835741695498008,0.1238878749385143,0.2879302549358313,0.24139924875662264,0.1384252044140517,0.215,0.38,0.405,0.7294999999999999,24920.0,2.2583675316481004
0.4850535300407358,0.5149464699592642,0.14399434325792407,0.10138704693578396,0.2611452295910174,0.2756048342987004,0.21786854591657426,0.287,0.436,0.27699999999999997,0.68175,7875.0,
0.4904124219993863,0.5095875780006137,0.14956700123345296,0.09698835454167602,0.27682209397153745,0.28459957100586736,0.19202297924746614,0.408,0.252,0.34,0.73725,14785.0,3.017527609508179
0.4834883594466924,0.5165116405533077,0.18138344418809613,0.11727897786069268,0.2444070057833103,0.2598409170880334,0.19708965507986745,0.244,0.428,0.328,0.71875,22261.0,2.174883402936958
0.4827188841875994,0.5172811158124007,0.14477993264146352,0.11096767184842356,0.2610663323503414,0.2821478443636367,0.20103821879613484,0.187,0.593,0.22,0.6629999999999999,6659.0,1.3812363272691353
0.4865356149801866,0.5134643850198134,0.13359201783917204,0.09729187267509692,0.2482763161077398,0.2952533723272445,0.2255864210507468,0.403,0.4260000000000001,0.171,0.6565,16844.0,2.67956640891923
0.4877232607759918,0.5122767392240083,0.16232718840687035,0.13231108169527767,0.3051550733827334,0.2414305814615452,0.15877607505357333,0.21899999999999997,0.387,0.39399999999999996,0.75,15336.0,3.0953928319988533
0.4599103898460436,0.5400896101539564,0.1578237770364546,0.09296161713914387,0.2716494544243915,0.27654146369454996,0.20102368770546,0.153,0.547,0.30100000000000005,0.7767499999999999,7322.0,1.8692890922064174
0.4618507380644601,0.5381492619355399,0.1500362597328991,0.11018473061172324,0.2545589894410661,0.28877415045955696,0.19644586975475464,0.117,0.523,0.361,0.77325,6895.0,2.0936675230428907
0.502620410129484,0.497379589870516,0.1613308859560967,0.1178545028695775,0.30459879901329723,0.2730143437346866,0.14320146842634196,0.276,0.342,0.38299999999999995,0.7107499999999999,40270.0,5.46670497944604
0.477748492054556,0.5222515079454441,0.14541440491468366,0.10922289612451808,0.2854141042511069,0.2705545739673817,0.18939402074230974,0.202,0.5810000000000001,0.217,0.7195,5444.0,1.237126015444722
0.5057777889893021,0.4942222110106979,0.13922400835819138,0.11310466028030212,0.31212463291016834,0.2473675691243029,0.1881791293270353,0.429,0.324,0.246,0.7469999999999999,14781.0,4.015901959026512
0.4963040166732204,0.5036959833267796,0.1607945109866176,0.12320602122660015,0.2457711050129317,0.2817003281050253,0.1885280346688253,0.26,0.409,0.33,0.8025,24033.0,2.118642433374211
0.4917690657061274,0.5082309342938726,0.14429420465284035,0.1121970124005542,0.2677483009752482,0.2890746788778893,0.18668580309346794,0.18899999999999997,0.51,0.30100000000000005,0.7680000000000001,25176.0,4.093025280048314
0.4839890062026738,0.5160109937973263,0.15237740459034774,0.10651611079186554,0.3064176977839062,0.2636006663772435,0.171088120456637,0.135,0.593,0.272,0.701,6593.0,2.186779073227077
0.4730035204455299,0.5269964795544702,0.1383628669908261,0.10622856202787148,0.25830638671922634,0.28203385337537257,0.21506833088670355,0.498,0.276,0.225,0.75125,9346.0,3.0396696799607774
0.4891418510748578,0.5108581489251423,0.1562918781272351,0.10648841811613767,0.2817542863822475,0.27368629308494946,0.18177912428943027,0.263,0.5820000000000001,0.155,0.6775,3284.0,1.4922069785995837
0.4969040292614956,0.5030959707385044,0.15031206456107754,0.09392417556897352,0.27343725808948754,0.2881875096764205,0.19413899210404087,0.16399999999999998,0.5489999999999999,0.287,0.7505000000000002,13244.0,2.4663590082581175
0.4880498684577962,0.5119501315422037,0.15610550566586812,0.10798310527785536,0.3140588486015374,0.26663733300019105,0.15521520745454812,0.14400000000000002,0.636,0.22,0.7234999999999999,7462.0,2.128924305612494
0.4932100276975148,0.5067899723024851,0.1615097050133046,0.11314933622098518,0.252108330476517,0.2593218371415149,0.2139107911476784,0.177,0.451,0.373,0.779,24544.0,1.9015071775827819
0.5022273182795431,0.4977726817204569,0.17733538387718398,0.11479537742279285,0.26346840322593074,0.246169805030354,0.1982310304437384,0.209,0.42,0.371,0.8275,25559.0,2.2350814651892352
0.4935595447573253,0.5064404552426747,0.17912944670436978,0.11880335233457147,0.2617364724667943,0.2578738923036234,0.18245683619064104,0.19699999999999998,0.41,0.393,0.779,21464.0,2.928536748711533
0.509685751183814,0.490314248816186,0.1934481274214378,0.13673697804563065,0.286147223417994,0.2430937006744153,0.1405739704405223,0.29,0.34500000000000003,0.365,0.875,,2.17969795211789
0.5038827377875938,0.4961172622124062,0.17730391857873462,0.12544879078347593,0.27085653254133274,0.2571140408703874,0.16927671722606932,0.239,0.386,0.375,0.77875,39432.0,
0.4958002765162721,0.5041997234837279,0.14957986263765408,0.10845519811695484,0.2775311080806164,0.2816967679656017,0.18273706319917304,0.172,0.45,0.3770000000000001,0.8419999999999999,42802.0,
0.4944750537872836,0.5055249462127165,0.18065136038845747,0.13058861525261142,0.277825178072463,0.26316643609235185,0.14776841019411627,0.18600000000000005,0.611,0.203,0.6475,,
0.5007866328787969,0.4992133671212031,0.16478718026927178,0.12685966999485854,0.3053952173684685,0.2663758172910821,0.13658211507631904,0.316,0.509,0.17600000000000002,0.6542499999999999,2626.0,
0.4871269412424066,0.5128730587575935,0.14354053249586798,0.10628150421541613,0.27117277521608396,0.2798211340403494,0.19918405403228248,0.225,0.5710000000000001,0.204,0.6785,2739.0,0.7647385760635198
0.5016071235770341,0.4983928764229659,0.2355322898842694,0.16066096588284756,0.3072617211681276,0.21121721458931247,0.08532780847544302,0.623,0.204,0.173,0.58475,,
0.4884196071190034,0.5115803928809965,0.1517548887486857,0.10597106295167782,0.2609293387012626,0.2788284978889388,0.20251621170943498,0.259,0.464,0.27699999999999997,0.73375,,
0.4890998388779677,0.5109001611220324,0.15531092312869854,0.1074698227366294,0.26096436135262113,0.2761239005518193,0.2001309922302316,0.25,0.457,0.29300000000000004,0.74025,,
0.488552747982276,0.511447252017724,0.1504732989613781,0.10649958492368462,0.2531814515711185,0.28304163787054104,0.20680402667327774,0.282,0.433,0.28500000000000003,0.73625,,
0.4927603891189914,0.5072396108810086,0.16931280023192313,0.11364146836123268,0.25895683993016816,0.2690569497549609,0.18903194172171509,0.258,0.38,0.362,0.6905,,
0.4850974401714048,0.5149025598285952,0.14354848594414973,0.08904107534258024,0.27620360400849203,0.27790530881327946,0.21330152589149864,0.218,0.536,0.247,0.73225,4224.0,
0.4924218295179253,0.5075781704820748,0.1589757554132472,0.0906503408514714,0.29282671975060565,0.2616170256718436,0.19593015831283214,0.122,0.662,0.215,0.76725,,
0.4975943325627045,0.5024056674372955,0.1649081368310225,0.12631670140323567,0.2494996194507104,0.2636077588307845,0.19566778348424696,0.262,0.409,0.328,0.7907500000000001,30717.0,
0.4934603632053221,0.5065396367946778,0.13600243355715744,0.10371995456039797,0.2491172495215053,0.2957459859321962,0.21541437642874306,0.195,0.5479999999999999,0.257,0.792,,
0.4722415120544678,0.5277584879455323,0.1641151250735949,0.09504611947283403,0.28030449419543785,0.26288627889071725,0.197647982367416,0.161,0.477,0.362,0.789,,
0.4952614472374925,0.5047385527625076,0.20548708872322724,0.1255075200234899,0.284877575322578,0.2431398137122164,0.14098800221848848,0.212,0.381,0.407,0.7325,,
0.4856398826660092,0.5143601173339908,0.14332237503705267,0.1024242491490824,0.2561441224981932,0.2777492193414411,0.22036003397423065,0.267,0.455,0.278,0.6847500000000001,,
0.4902151732554191,0.5097848267445809,0.14764701922105902,0.09843997472359793,0.2715927243845269,0.2883248546031643,0.19399542706765188,0.39899999999999997,0.252,0.349,0.73775,,
0.4832877731883286,0.5167122268116714,0.1797843856382063,0.1174757397021704,0.2416959139035997,0.2600367454717625,0.20100721528426108,0.237,0.429,0.33399999999999996,0.7165,,
0.4839187821343461,0.5160812178656539,0.14419787225795497,0.10917496147190332,0.259762045764657,0.28113685974791514,0.2057282607575696,0.182,0.594,0.224,0.6652500000000001,,
0.4868288108064962,0.5131711891935039,0.13191310285865968,0.0975386064036996,0.24360024179108306,0.2985901351875642,0.2283579137589935,0.39899999999999997,0.4270000000000001,0.173,0.657,,
0.4884478689894611,0.5115521310105389,0.161210367862048,0.12804101842792376,0.3089340209316371,0.2407092598575863,0.16110533292080478,0.213,0.385,0.402,0.7605,,
0.4608977857964299,0.5391022142035701,0.1588984816413607,0.09167027783796396,0.2693211553525892,0.2775134793913232,0.20259660577676292,0.15,0.5429999999999999,0.307,0.77325,8169.0,
0.4636741889582075,0.5363258110417926,0.15097681469795832,0.10537172927767104,0.2556334872721338,0.29033127381732915,0.19768669493490765,0.114,0.512,0.374,0.7805,,
0.5028881207504878,0.4971118792495121,0.16062544999625342,0.11605260843077145,0.3066913832029633,0.2727490413654475,0.1438815170045643,0.27,0.32899999999999996,0.401,0.7194999999999999,,
0.4784546958913126,0.5215453041086875,0.14547984212437107,0.1073245868412145,0.2843965407506337,0.2694084452737795,0.19339058501000128,0.201,0.5750000000000001,0.224,0.7262500000000001,5872.0,
0.5102449757779718,0.4897550242220282,0.1367698694583626,0.11017325183007502,0.3241274092864277,0.2421635508622069,0.1867659185629276,0.423,0.32,0.257,0.7602500000000001,,3.9884605098666577
0.4965284727380479,0.5034715272619521,0.15853449594243502,0.12336094735363855,0.24623364563799105,0.28011227529794736,0.19175863576798807,0.257,0.405,0.338,0.809,,
0.4918324486173314,0.5081675513826686,0.14434185313432166,0.1094696501491459,0.2679250799348669,0.2899124314592029,0.18835098532246275,0.18600000000000005,0.504,0.31,0.7705000000000002,,
0.4840404234482292,0.5159595765517708,0.15363073453712092,0.10303166381251934,0.3049398606560926,0.2617965453809425,0.1766011956133246,0.133,0.5870000000000001,0.28,0.7057499999999999,7142.0,
0.4721754250450319,0.5278245749549682,0.1369678367890912,0.10620703291754477,0.2540062551713273,0.28443718394876444,0.2183816911732723,0.48,0.28300000000000003,0.236,0.755,,
0.4893492262312963,0.5106507737687037,0.15669981618853332,0.10572224061058,0.27818005529693385,0.27415671351731785,0.18524117438663493,0.254,0.5870000000000001,0.159,0.6857500000000001,,1.6388423123895146
0.4991359541123394,0.5008640458876605,0.15075438222160711,0.09361057769012374,0.2706313782252747,0.2865066595928316,0.19849700227016284,0.159,0.55,0.29100000000000004,0.7525000000000001,,
0.4882332942721305,0.5117667057278694,0.15742673822811118,0.10403122988114127,0.31110495868117344,0.26702396016748065,0.16041311304209346,0.14400000000000002,0.626,0.23,0.7265,,
0.4935356970626064,0.5064643029373936,0.1598852755903086,0.11173469563435057,0.2543321132477661,0.2556980267379786,0.2183498887895962,0.171,0.4470000000000001,0.38299999999999995,0.7827500000000001,24879.0,
0.502673021064624,0.497326978935376,0.17787840591348056,0.1131070454737622,0.26464995501058874,0.24537395951295116,0.19899063408921736,0.208,0.416,0.376,0.8292500000000002,,
0.4936603404510611,0.5063396595489389,0.17915176879682349,0.11751801038280547,0.2611991649390599,0.2579913740298304,0.18413968185148066,0.194,0.404,0.402,0.7815000000000001,,3.238259184707266
0.5121613710149555,0.4878386289850444,0.18996837455285984,0.13405940205775496,0.29206338535145143,0.2417792045177609,0.14212963352017274,0.28300000000000003,0.34500000000000003,0.3720000000000001,0.8725,,2.0031896487538967
0.5039350911712972,0.4960649088287027,0.17547312306642454,0.12419363193506565,0.2700282946699568,0.25785666936675944,0.17244828096179354,0.238,0.387,0.375,0.7825,,
0.4958871333661887,0.5041128666338113,0.15024190338447055,0.10640226193913367,0.2771677121507136,0.2815903092119669,0.18459781331371533,0.16699999999999998,0.449,0.384,0.84325,,
0.4945691132176759,0.5054308867823242,0.17961464651822134,0.12951515794413854,0.27672449540488153,0.2625598297604238,0.1515858703723348,0.174,0.611,0.215,0.66175,,
0.50078666160841,0.4992133383915899,0.16366557349268127,0.12359012330463352,0.3050899028082953,0.2670278056474023,0.14062659474698766,0.311,0.509,0.18,0.6625,,
0.4872093597657818,0.5127906402342182,0.14305539360610153,0.1053362807814854,0.2701662491721431,0.2772301014221619,0.20421197501810806,0.224,0.5700000000000001,0.206,0.6815000000000001,,
0.501683322748062,0.4983166772519379,0.2339441564485935,0.1581802676122089,0.3052504270468561,0.21499266339610607,0.08763248549623541,0.61,0.209,0.181,0.5842499999999999,,
