Municipality,0 to 5 years,5 to 10 years,10 to 15 years,15 to 20 years,20 to 25 years,25 to 30 years,30 to 35 years,35 to 40 years,40 to 45 years,45 to 50 years,50 to 55 years,55 to 60 years,60 to 65 years,65 to 70 years,70 to 75 years,75 to 80 years,80 to 85 years,85 to 90 years,90 to 95 years,95 or older
Aa and Hunze,442,545,702,780,398,438,477,578,722,975,1066,1130,1035,1056,868,595,474,289,116,38
Aalburg,349,407,397,460,369,359,386,366,396,500,520,405,349,368,302,211,151,107,49,18
Aalsmeer,737,1008,1065,957,795,685,871,968,1137,1411,1303,1044,805,804,808,608,413,309,119,56
Aalten,583,698,812,821,565,630,622,695,787,993,1075,1060,919,855,823,566,423,324,122,30
Too weird,,,,,,,,,,,,,,,,,,,,
Abcoude,,,,,,,,,,,,,,,,,,,,
Achtkar plays,701,810,875,880,680,747,714,766,878,982,963,1003,881,853,719,520,379,233,123,25
Akersloot,,,,,,,,,,,,,,,,,,,,
Alblasserdam,607,670,639,618,566,609,565,551,625,707,752,602,502,544,539,470,287,208,105,22
Albrandswaard,649,782,843,783,533,517,604,886,966,1117,1038,995,732,709,596,385,283,196,80,25
Alkemade,,,,,,,,,,,,,,,,,,,,
Alkmaar,2689,2,,,,,,,,,,,,,,,,,,
Almelo,1739,1964,2155,2283,1926,2073,2068,2166,2240,2770,2658,2454,2308,2190,1963,1298,1040,718,304,73
Almere,6014,6483,6623,6767,6014,7158,7484,7193,7241,8136,8314,7739,6180,4188,2971,1768,1266,832,337,101
Alphen aan den Rijn,2,,,,,,,,,,,,,,,,,,,
Alphen-Chaam,214,243,258,314,231,207,241,268,279,366,407,414,381,309,335,194,133,96,45,9
Altena,,,,,,,,,,,,,,,,,,,,
Delden office,,,,,,,,,,,,,,,,,,,,
Montfort Office,,,,,,,,,,,,,,,,,,,,
Ameland,81,101,108,96,90,97,100,109,108,126,120,116,138,126,145,75,46,33,22,5
Amerongen,,,,,,,,,,,,,,,,,,,,
Amersfoort,4445,4938,4938,4832,4101,5070,5311,5378,5398,6343,6130,5208,4218,3593,3116,2109,1641,1178,616,177
Amstelveen,2567,2756,2398,2440,3002,2713,2954,3108,3015,3237,3122,2938,2671,2378,2331,1739,1496,1169,602,167
Amsterdam,22614,20270,18595,20166,37816,49949,42349,32705,28031,28195,26721,25258,21223,18243,14551,9773,6835,4568,2349,722
Andijk,,,,,,,,,,,,,,,,,,,,
Angerlo,,,,,,,,,,,,,,,,,,,,
Anna Paulowna,,,,,,,,,,,,,,,,,,,,
Apeldoorn,3786,4034,4504,4783,4133,4523,4490,4483,4929,6175,5851,5929,5334,5239,4637,3132,2371,1672,763,226
Appingedam,258,290,320,325,250,287,304,311,328,455,457,452,445,398,417,310,222,134,65,22
Arcen and Fields,,,,,,,,,,,,,,,,,,,,
Arnhem,4060,4182,4057,4420,5816,6272,5660,5538,5218,5790,5400,4956,4441,3870,3283,2180,1637,1153,599,182
shafts,1547,1866,2052,2115,1556,1733,1915,2068,2082,2,,,,,,,,,,
Asten,334,403,465,499,414,426,421,397,468,576,663,598,583,549,457,344,270,149,63,18
Avereest,,,,,,,,,,,,,,,,,,,,
Axel,,,,,,,,,,,,,,,,,,,,
Baarle-Nassau,147,146,153,158,138,167,173,174,179,216,253,260,255,263,250,168,138,76,33,5
Baarn,561,638,673,694,502,558,603,704,764,945,1002,960,875,834,827,604,468,298,157,47
Barendrecht,1250,1488,1720,1695,1137,960,1310,1574,1836,2232,2012,1643,1405,1301,1165,771,551,353,169,32
Barneveld,2083,1985,1965,2129,1803,1858,1783,1571,1484,1942,1866,1811,1474,1356,1289,925,714,495,222,65
Bathmen,,,,,,,,,,,,,,,,,,,,
Bedum,268,279,287,318,221,250,255,268,301,374,444,400,402,365,335,197,144,93,31,8
Beek (L.),282,326,381,471,375,377,403,397,417,559,706,725,583,622,514,400,316,198,74,17
Beekdaelen,,,,,,,,,,,,,,,,,,,,
Beemster,261,263,245,286,257,226,270,277,282,350,421,342,338,267,274,174,130,89,35,7
Beesel,261,294,373,383,329,264,384,337,367,516,547,499,517,466,405,303,226,135,60,17
Belfeld,,,,,,,,,,,,,,,,,,,,
Bellingwedde,,,,,,,,,,,,,,,,,,,,
Bemmel,,,,,,,,,,,,,,,,,,,,
Bennebroek,,,,,,,,,,,,,,,,,,,,
Berg en Dal,651,734,875,974,827,807,745,827,993,1345,1450,1463,1282,1261,1082,845,633,443,192,50
Bergambacht,,,,,,,,,,,,,,,,,,,,
Bergeijk,380,428,505,587,491,449,388,460,515,671,710,734,632,598,542,386,303,180,48,12
Bergen (L.),283,289,348,428,312,269,288,306,341,494,594,577,513,458,384,247,226,136,45,14
Bergen (NH.),415,608,790,924,596,448,404,558,794,1138,1280,1217,1207,1373,1408,934,616,462,232,68
Bergen op Zoom,1527,1624,1753,1876,1644,1858,1978,1827,1925,2562,2650,2453,2335,2195,1937,1346,938,652,312,84
Bergh,,,,,,,,,,,,,,,,,,,,
Bergschenhoek,,,,,,,,,,,,,,,,,,,,
Berkel en Rodenrijs,,,,,,,,,,,,,,,,,,,,
Berkelland,836,1062,1329,1346,954,921,931,1003,1176,1692,1786,1680,1574,1579,1478,1076,767,471,233,48
Bernheze,688,803,945,1017,787,768,781,779,863,1172,1172,1101,1047,919,817,557,455,313,139,35
Bernisse,,,,,,,,,,,,,,,,,,,,
Best,667,742,899,996,749,754,769,752,916,1246,1316,1160,928,821,703,579,422,222,81,10
Beuningen,622,603,682,835,578,659,697,665,767,1019,1190,1146,938,842,600,465,322,194,70,21
Beverwijk,1063,1040,1139,1091,1145,1453,1395,1186,1319,1587,1456,1441,1215,1113,988,709,581,410,203,45
het Bildt,,,,,,,,,,,,,,,,,,,,
De Bilt,985,1203,1324,1338,897,857,949,1205,1249,1651,1709,1713,1466,1424,1334,1004,896,715,338,106
Binnenmaas,647,808,832,760,632,656,758,865,909,1106,1119,1079,990,1023,1012,625,399,311,125,33
Bladel,479,490,549,613,485,528,545,547,528,707,812,786,617,633,584,425,319,203,64,10
Blaricum,328,279,305,294,159,235,288,305,285,416,409,384,401,464,444,241,161,90,40,12
Bleiswijk,,,,,,,,,,,,,,,,,,,,
Bloemendaal,495,713,803,814,376,268,322,546,750,952,981,866,792,822,807,597,466,395,202,60
Boarnsterhim,,,,,,,,,,,,,,,,,,,,
Bodegraven,,,,,,,,,,,,,,,,,,,,
Bodegraven-Reeuwijk,930,978,1070,1118,828,853,938,943,953,1265,1275,1190,1066,1047,957,656,434,312,116,27
Boekel,256,267,346,363,284,310,256,302,266,370,453,359,290,323,243,165,143,76,41,7
Ten Boer,188,199,229,257,136,130,187,204,247,285,282,295,227,255,186,110,90,93,56,20
Bolsward,,,,,,,,,,,,,,,,,,,,
Borculo,,,,,,,,,,,,,,,,,,,,
Borger-Odoorn,501,580,669,765,513,505,573,542,706,1033,1101,1087,1009,949,846,549,395,247,104,31
Born,,,,,,,,,,,,,,,,,,,,
Borne,634,634,681,677,514,633,661,688,676,850,814,840,755,750,644,495,339,226,90,12
Borsele,591,654,678,700,542,541,597,570,683,821,875,855,779,689,571,395,310,203,100,36
Boskoop,,,,,,,,,,,,,,,,,,,,
Boxmeer,539,625,840,914,735,716,644,625,816,1040,1189,1233,1106,958,787,590,483,315,124,32
Boxtel,674,791,973,965,771,870,722,885,953,1111,1140,1040,1092,1005,947,597,424,326,136,50
Breda,4447,4765,4982,5527,7448,6545,5840,5763,5690,6686,6326,5863,5243,4935,4464,3285,2476,1797,818,220
Brederwiede,,,,,,,,,,,,,,,,,,,,
Breukelen,,,,,,,,,,,,,,,,,,,,
Brielle,366,394,421,508,397,464,426,455,535,687,732,657,600,582,551,373,265,169,63,13
Broekhuizen,,,,,,,,,,,,,,,,,,,,
Bronckhorst,628,847,1084,1234,778,610,658,751,948,1487,1524,1518,1380,1344,1261,881,623,436,190,46
Brummen,408,441,545,630,507,431,470,482,583,775,878,826,760,753,684,553,387,239,108,30
Brunssum,505,613,650,730,613,749,731,769,728,1088,1245,1140,1119,1002,904,709,559,361,165,43
Bunnik,399,452,437,467,315,286,342,431,485,573,606,593,496,455,441,351,307,161,67,20
Bunschoten,652,728,712,707,652,715,709,639,698,726,733,600,562,553,512,317,229,143,47,12
Buren,578,719,798,837,582,592,642,692,817,1078,1135,1038,957,875,773,428,326,180,74,25
Bussum,,,,,,,,,,,,,,,,,,,,
Capelle aan den IJssel,1781,1835,1770,1791,1845,2174,2105,2084,1928,2429,2512,2602,2441,2219,1785,1256,872,625,346,99
Castricum,769,840,1024,1129,901,745,790,849,972,1371,1487,1333,1233,1233,1239,879,675,426,177,46
Coevorden,752,855,996,1106,700,744,841,846,973,1341,1443,1377,1334,1232,1112,822,617,407,185,50
Cranendonck,444,506,497,561,428,474,508,540,539,735,840,786,751,744,676,458,317,202,92,31
Cromstrijen,283,310,342,368,300,296,269,341,399,498,569,496,450,445,473,286,176,94,67,17
Cuijk,575,629,692,758,649,614,656,695,747,966,998,929,825,827,733,519,374,217,82,18
Culemborg,679,759,844,949,681,765,724,851,883,1183,1179,1074,896,831,738,483,345,225,100,37
Dalfsen,755,745,931,926,642,636,751,691,782,1065,1061,1033,933,815,750,598,457,257,104,31
Dantumadeel,,,,,,,,,,,,,,,,,,,,
Dantumadiel,468,550,542,624,459,436,460,495,503,661,703,697,649,596,545,394,309,193,81,24
Delft,2207,2023,1989,2702,5438,4472,3215,2734,2525,2922,3011,3214,2749,2521,2197,1439,1077,836,407,127
Delfzijl,548,562,637,686,564,560,564,580,667,871,1018,932,922,839,853,654,510,248,136,37
Denekamp,,,,,,,,,,,,,,,,,,,,
Deurne,742,808,842,986,851,824,849,814,803,1134,1329,1293,1156,1022,832,704,530,312,108,18
Deventer,2509,2829,2941,2965,2912,3150,3097,3163,3317,3815,3697,3455,3005,2731,2334,1656,1305,919,450,126
Didam,,,,,,,,,,,,,,,,,,,,
Diemen,737,706,643,883,1489,1146,951,927,827,883,994,964,851,694,585,438,307,251,98,22
Diepenheim,,,,,,,,,,,,,,,,,,,,
Dinkelland,544,620,887,854,718,660,560,558,711,934,1030,1006,830,781,661,532,503,295,159,31
Dinxperlo,,,,,,,,,,,,,,,,,,,,
Dirksland,,,,,,,,,,,,,,,,,,,,
Dodewaard,,,,,,,,,,,,,,,,,,,,
Doesburg,203,255,278,368,255,240,258,281,344,493,499,431,440,471,397,274,150,102,42,8
Doetinchem,1321,1426,1670,1773,1399,1518,1599,1616,1758,2175,2207,2175,1959,1867,1546,1144,889,572,259,75
Dongen,578,656,675,767,620,707,675,726,787,1004,1034,927,885,829,730,502,391,259,108,41
Dongeradeel,600,749,752,754,566,592,589,627,624,864,894,854,769,673,702,512,400,252,111,23
Doorn,,,,,,,,,,,,,,,,,,,,
Dordrecht,3031,3144,3163,3491,3302,3842,3718,3636,3538,4486,4532,4190,3719,3430,3049,2120,1602,1128,555,173
Drechterland,458,512,605,639,479,454,506,516,539,723,734,704,672,706,536,345,224,149,67,17
Driebergen-Rijsenburg,,,,,,,,,,,,,,,,,,,,
Drimmelen,567,622,733,786,617,670,622,715,820,1032,1135,1127,989,945,801,560,383,246,93,32
Dronten,1003,1139,1280,1414,1197,1109,1157,1140,1215,1609,1606,1489,1197,1086,1014,643,497,335,122,30
Druten,383,495,539,626,422,458,456,524,652,795,769,734,649,576,465,361,244,160,60,8
Duiven,539,647,727,939,613,531,616,677,748,1129,1241,1132,930,712,600,440,356,203,79,18
Echt,,,,,,,,,,,,,,,,,,,,
Echteld,,,,,,,,,,,,,,,,,,,,
Echt-Susteren,583,653,705,789,667,724,746,806,825,1182,1326,1364,1359,1166,995,698,600,400,150,44
Edam-Volendam,769,1003,1160,1134,1004,887,828,1019,1179,1367,1335,1284,1179,1243,1087,708,435,218,90,31
Ede,3284,3408,3480,3937,3879,3621,3416,3200,3325,3899,4117,3746,3496,3113,2687,2081,1552,1135,494,123
Eemnes,203,246,310,312,209,190,190,246,301,401,411,378,291,287,285,165,121,61,24,3
Eemsmond,334,387,441,493,340,330,340,371,453,558,610,577,551,570,481,308,223,155,72,22
Eersel,428,433,517,526,472,462,430,462,505,635,782,807,681,590,500,441,352,202,58,8
Egmond,,,,,,,,,,,,,,,,,,,,
Eibergen,,,,,,,,,,,,,,,,,,,,
Eijsden,,,,,,,,,,,,,,,,,,,,
Eijsden-Margraten,581,520,597,775,574,627,657,585,655,915,1079,1027,985,920,824,606,447,275,97,28
Eindhoven,5277,5460,5363,6051,8428,9513,8489,7616,6963,7425,7258,6766,5943,5581,4950,3804,3261,2154,967,264
Elburg,656,720,710,794,590,643,674,691,673,882,781,753,630,684,665,398,326,211,91,23
Elst,,,,,,,,,,,,,,,,,,,,
Emmen,2261,2628,2883,3164,2550,2709,2744,2890,3155,4102,4234,4002,3883,3601,3203,2315,1833,1104,484,116
Enkhuizen,441,470,495,479,468,484,544,533,566,673,682,634,660,630,560,358,251,162,82,14
Enschede,3590,3957,4094,4821,6424,5408,4677,4709,4569,5679,5228,4943,4380,4309,3880,2783,2023,1370,597,167
Epe,708,776,844,1025,739,756,732,769,876,1258,1251,1231,1186,1171,1153,796,610,439,182,38
Ermelo,597,643,767,860,669,665,685,672,680,1012,1024,997,871,954,819,602,466,313,144,42
Etten-Leur,1122,1252,1271,1220,1010,1180,1331,1374,1478,1642,1597,1543,1456,1379,1278,795,600,359,141,32
Ferwerderadiel,252,270,281,260,183,200,242,233,216,279,314,319,304,268,252,132,108,84,39,11
Franekeradeel,,,,,,,,,,,,,,,,,,,,
De Friese Meren,,,,,,,,,,,,,,,,,,,,
De Fryske Marren,1155,1421,1627,1627,1083,1140,1267,1324,1495,1909,1985,1911,1737,1734,1566,1096,759,526,245,67
Gaasterlân-Sleat,,,,,,,,,,,,,,,,,,,,
Geertruidenberg,518,581,606,591,473,575,675,632,667,855,831,778,735,699,632,397,292,188,77,20
Geldermalsen,660,755,892,927,663,647,635,719,833,1113,1089,988,851,822,765,489,346,215,78,23
Geldrop,,,,,,,,,,,,,,,,,,,,
Geldrop-Mierlo,911,1004,1069,1170,893,1024,1087,1131,1150,1459,1467,1522,1316,1299,1153,878,640,430,159,25
Geleen,,,,,,,,,,,,,,,,,,,,
Gemert-Bakel,824,853,850,862,789,849,904,837,832,1030,1227,1144,1028,913,721,550,399,257,84,23
Gendringen,,,,,,,,,,,,,,,,,,,,
Gendt,,,,,,,,,,,,,,,,,,,,
Genemuiden,,,,,,,,,,,,,,,,,,,,
Gennep,356,429,468,482,357,362,359,466,471,629,684,674,664,591,513,345,254,161,71,10
Giessenlanden,326,402,427,506,360,327,336,396,436,590,594,491,490,455,439,253,176,126,42,7
Gilze en Rijen,650,704,741,770,646,699,711,766,798,957,1037,972,871,888,746,529,350,207,74,17
Goedereede,,,,,,,,,,,,,,,,,,,,
Goeree-Overflakkee,1189,1313,1484,1467,1146,1242,1286,1387,1411,1926,1916,1804,1649,1578,1423,1004,755,521,261,87
Goes,797,944,941,1105,893,1007,1044,1017,1134,1389,1423,1418,1305,1192,1226,831,666,487,260,100
Goirle,579,671,618,665,458,489,643,718,767,845,857,900,946,876,715,493,367,205,84,18
Gooise Meren,1507,1847,1952,1829,1059,1144,1235,1777,1938,2380,2378,2059,1670,1711,1685,1260,1083,738,371,109
Goor,,,,,,,,,,,,,,,,,,,,
Gorinchem,907,959,1006,1095,1076,1155,1190,1110,1145,1446,1454,1195,1060,1007,889,640,494,335,170,44
Gorssel,,,,,,,,,,,,,,,,,,,,
Gouda,1921,2042,2117,2282,2191,2303,2179,2163,2224,2658,2646,2599,2338,2096,1836,1276,994,694,346,110
Graafstroom,,,,,,,,,,,,,,,,,,,,
Graft-De Rijp,,,,,,,,,,,,,,,,,,,,
Gramsbergen,,,,,,,,,,,,,,,,,,,,
Grave,252,322,364,359,256,287,308,352,334,495,501,466,417,428,379,234,184,116,34,11
's-Graveland,,,,,,,,,,,,,,,,,,,,
's-Gravendeel,,,,,,,,,,,,,,,,,,,,
's-Gravenhage,15537,15345,14302,14761,18272,21533,21033,19747,18530,19662,17809,15897,13901,12372,10508,7234,5339,3898,2140,766
's-Gravenzande,,,,,,,,,,,,,,,,,,,,
Groenlo,,,,,,,,,,,,,,,,,,,,
Groesbeek,,,,,,,,,,,,,,,,,,,,
Groningen,4214,3902,3754,7059,18155,11134,7195,5640,5001,5494,5557,5291,5044,4314,3456,2279,1868,1366,610,178
Grootegast,314,370,430,385,290,303,295,316,366,515,470,421,383,295,294,192,161,107,44,15
Grubbenvorst,,,,,,,,,,,,,,,,,,,,
Gulpen-Wittem,226,257,267,325,291,299,336,303,338,514,604,669,600,551,520,386,267,170,76,16
Haaksbergen,533,612,729,792,507,543,528,597,669,959,951,899,817,823,769,611,442,241,93,26
Haaren,262,335,376,458,362,323,304,344,371,544,634,542,502,492,418,296,194,124,50,13
Haarlem,4468,4541,4161,3921,4307,6098,5941,5794,5547,6045,5570,5193,4695,4361,3723,2724,2099,1450,677,205
Haarlemmerliede en Spaarnwoude,144,153,157,182,146,178,169,142,178,241,261,236,203,146,151,102,92,38,17,2
Haarlemmermeer,3530,4288,4974,4735,3796,3919,4039,4545,5352,6591,6131,5104,4321,3922,3486,2250,1493,1009,420,111
Haelen,,,,,,,,,,,,,,,,,,,,
Halderberge,691,722,751,841,681,754,735,793,825,1164,1219,1176,1080,1015,979,674,470,305,121,27
Den Ham,,,,,,,,,,,,,,,,,,,,
Hardenberg,1606,1750,1952,2043,1691,1543,1649,1619,1751,2180,2229,2169,1822,1692,1419,1083,870,524,206,54
Harderwijk,1270,1464,1460,1416,1148,1313,1490,1532,1534,1790,1647,1561,1441,1405,1174,824,617,402,159,47
Hardinxveld-Giessendam,551,565,576,596,509,574,512,476,529,605,600,531,518,496,464,323,269,167,85,25
Haren,545,576,615,575,319,303,419,571,602,732,783,734,656,703,697,523,439,349,178,63
Harenkarspel,,,,,,,,,,,,,,,,,,,,
Harlingen,362,375,465,431,337,339,359,378,450,621,584,574,558,599,559,354,248,146,77,18
Harmelen,,,,,,,,,,,,,,,,,,,,
Hasselt,,,,,,,,,,,,,,,,,,,,
Hattem,290,339,425,380,251,276,281,327,378,458,450,424,394,394,405,240,215,146,61,12
Heel,,,,,,,,,,,,,,,,,,,,
Heemskerk,891,971,1014,1156,1047,1100,1005,1081,1156,1458,1612,1561,1303,1145,1170,929,709,476,170,35
Heemstede,713,838,857,763,413,378,510,781,870,1019,1024,1046,919,1011,971,806,623,481,215,84
Heerde,449,524,544,577,411,384,425,495,555,712,729,674,651,618,616,416,298,226,95,29
Heerenveen,1155,1322,1493,1579,1152,1258,1315,1347,1574,2003,1906,1772,1635,1534,1466,1028,785,599,266,80
Heerhugowaard,1535,1721,1770,1830,1307,1621,1725,1816,1870,2196,1928,1717,1530,1619,1555,916,534,303,127,23
Heerjansdam,,,,,,,,,,,,,,,,,,,,
Heerlen,1746,1812,1864,2123,2273,2680,2447,2430,2325,2970,3444,3575,3291,2826,2565,1958,1610,1121,498,104
Heeze-Leende,326,346,401,477,357,360,349,401,422,570,658,654,604,532,476,389,300,161,59,16
Heiloo,440,583,710,671,420,394,433,514,655,945,944,844,754,870,834,669,501,323,146,28
Heino,,,,,,,,,,,,,,,,,,,,
Helden,,,,,,,,,,,,,,,,,,,,
Den Helder,1239,1339,1384,1494,1442,1594,1559,1559,1557,2046,2178,2201,2029,1893,1793,1163,864,579,225,72
Hellendoorn,846,968,1154,1121,846,868,939,947,1038,1263,1323,1255,1242,1166,1046,739,593,371,173,38
Hellevoetsluis,859,1059,1165,1100,932,1014,1117,1192,1252,1571,1501,1577,1554,1468,1208,694,453,293,147,43
Helmond,2278,2576,2742,2818,2343,2617,2786,2870,3035,3839,3432,3083,2560,2453,2178,1501,1022,644,263,44
Hendrik-Ido-Ambacht,1007,1085,1027,934,755,901,992,1059,1078,1107,1067,1019,796,810,689,504,396,257,90,21
Hengelo (Gld.),,,,,,,,,,,,,,,,,,,,
Hengelo (O.),1843,2065,2332,2494,2086,2287,2286,2328,2538,2972,2990,2803,2590,2342,2076,1613,1204,917,351,95
's-Hertogenbosch,3914,3987,4018,4207,4682,5463,5314,4912,4799,5883,5636,5461,4794,4442,3659,2590,1940,1243,556,146
Heteren,,,,,,,,,,,,,,,,,,,,
Heumen,316,397,444,563,354,295,326,382,458,669,709,714,610,544,548,432,273,179,70,10
Heusden,985,1156,1269,1311,1032,1134,1089,1216,1371,1735,1769,1612,1504,1391,1203,867,610,371,150,35
Heythuysen,,,,,,,,,,,,,,,,,,,,
Hillegom,515,583,586,611,466,611,671,636,673,831,861,822,672,653,651,413,334,243,117,25
Hilvarenbeek,338,377,438,479,370,330,331,379,449,597,661,609,530,487,458,339,253,150,48,12
Hilversum,2320,2484,2629,2512,2128,2810,2937,2937,3014,3402,3286,3039,2517,2489,2331,1743,1397,977,487,145
Hoeksche Waard,,,,,,,,,,,,,,,,,,,,
Hof van Twente,692,874,1073,1075,818,699,757,802,992,1336,1335,1276,1168,1179,1181,904,693,466,173,59
Het Hogeland,,,,,,,,,,,,,,,,,,,,
Hollands Kroon,1106,1222,1415,1542,1108,1178,1223,1261,1348,1946,1866,1816,1609,1527,1314,902,601,353,150,45
Holten,,,,,,,,,,,,,,,,,,,,
Hontenisse,,,,,,,,,,,,,,,,,,,,
Hoogeveen,1420,1653,1597,1676,1324,1493,1668,1574,1621,1896,1876,1889,1811,1715,1610,1144,906,603,284,73
Hoogezand-Sappemeer,,,,,,,,,,,,,,,,,,,,
Hoorn,1975,1976,2075,2224,1886,2218,2242,2303,2352,2788,2727,2478,2469,2328,1974,1215,807,535,229,80
Horst,,,,,,,,,,,,,,,,,,,,
Horst aan de Maas,890,995,1185,1368,1035,1115,1077,1032,1230,1616,1690,1717,1454,1267,1126,871,697,418,181,26
Houten,1404,1546,1878,1695,1102,1228,1380,1551,1809,2031,2008,2139,1813,1175,875,558,447,287,157,32
Huissen,,,,,,,,,,,,,,,,,,,,
Huizen,946,1037,1223,1209,920,984,987,1094,1200,1581,1680,1754,1646,1527,1336,913,634,393,208,62
Hulst,526,588,708,729,507,634,643,706,803,1087,1143,1094,1045,970,914,646,491,332,149,47
Hummelo en Keppel,,,,,,,,,,,,,,,,,,,,
Hunsel,,,,,,,,,,,,,,,,,,,,
IJsselham,,,,,,,,,,,,,,,,,,,,
IJsselmuiden,,,,,,,,,,,,,,,,,,,,
IJsselstein,837,1003,1184,1222,839,843,907,1094,1235,1597,1401,1275,991,956,844,509,421,292,131,31
Jacobswoude,,,,,,,,,,,,,,,,,,,,
Kaag en Braassem,607,710,723,825,607,667,703,743,770,1017,1055,1062,949,829,692,521,357,219,93,21
Kampen,1607,1732,1748,1796,1491,1760,1634,1687,1591,1859,1782,1662,1498,1374,1192,902,665,438,190,57
Kapelle,334,356,425,409,275,283,343,369,406,471,492,452,428,358,354,229,178,138,53,19
Katwijk,1884,2071,1997,2099,1834,2070,2030,2054,1901,2234,2363,2170,1913,1773,1581,1186,768,531,179,56
Kerkrade,866,985,914,1002,947,1168,1231,1195,1146,1571,1920,1972,1888,1711,1480,1176,904,542,243,71
Kessel,,,,,,,,,,,,,,,,,,,,
Kesteren,,,,,,,,,,,,,,,,,,,,
Koggenland,551,608,685,790,566,548,573,605,672,860,897,822,720,740,602,378,303,195,87,21
Kollumerland en Nieuwkruisland,338,344,397,380,356,327,346,338,356,481,470,456,369,364,380,239,177,91,39,9
Korendijk,292,307,339,370,255,252,292,276,329,427,418,431,392,369,313,199,157,95,49,10
Krimpen aan den IJssel,757,843,930,933,719,693,739,777,850,1053,1051,1009,951,971,989,721,574,374,163,45
Krimpenerwaard,1418,1551,1660,1899,1582,1475,1412,1505,1590,2054,2139,1973,1769,1702,1641,1148,758,546,231,52
Laarbeek,488,546,627,659,514,544,508,609,701,806,846,836,747,742,638,466,346,205,76,12
Landerd,354,408,450,500,379,356,338,407,400,557,595,591,543,487,429,285,223,133,61,9
Landgraaf,720,785,878,964,793,966,968,974,971,1410,1537,1659,1574,1470,1235,870,630,422,184,51
Landsmeer,319,343,321,371,246,253,315,330,375,475,479,432,417,367,329,240,167,108,32,5
Langedijk,696,765,899,916,688,681,761,793,809,1096,1128,988,983,930,790,448,321,186,105,19
Lansingerland,1997,2225,2201,2036,1250,1279,1792,2346,2441,2683,2310,1959,1515,1430,1281,878,628,409,137,41
Laren (NH.),205,308,316,317,148,130,185,248,329,456,463,403,378,437,497,355,284,250,123,40
Leek,427,574,619,621,383,415,490,546,608,765,766,752,699,615,633,430,315,192,94,33
Leerdam,522,586,636,702,574,636,611,584,640,774,722,709,677,665,583,422,301,200,114,36
Leersum,,,,,,,,,,,,,,,,,,,,
Leeuwarden,2918,3124,3134,3914,5523,4231,3682,3642,3433,4026,4237,4067,3743,3409,2997,2096,1596,1116,540,164
Leeuwarderadeel,,,,,,,,,,,,,,,,,,,,
Leiden,2766,2695,2730,3915,8842,6349,4352,3793,3533,3985,4014,3845,3399,2984,2550,1658,1249,880,423,121
Leiderdorp,639,735,770,810,607,583,724,768,839,1154,1127,949,919,960,881,629,475,307,121,31
Leidschendam,,,,,,,,,,,,,,,,,,,,
Leidschendam-Voorburg,1944,2071,1903,1907,1534,2070,2266,2470,2464,2696,2624,2851,2529,2495,2362,1756,1390,979,435,128
Lelystad,2028,2417,2472,2308,1957,2179,2515,2569,2641,3019,2524,2488,2748,2530,1975,1035,570,361,178,60
Lemsterland,,,,,,,,,,,,,,,,,,,,
Leudal,646,747,894,1109,809,818,767,834,947,1296,1508,1523,1392,1287,1029,789,618,414,196,54
Leusden,720,782,936,884,625,610,764,818,879,1197,1182,1225,1129,964,882,650,411,303,150,25
Lichtenvoorde,,,,,,,,,,,,,,,,,,,,
Liemeer,,,,,,,,,,,,,,,,,,,,
De Lier,,,,,,,,,,,,,,,,,,,,
Liesveld,,,,,,,,,,,,,,,,,,,,
Limmen,,,,,,,,,,,,,,,,,,,,
Lingewaal,291,305,351,374,259,251,317,289,321,455,473,403,404,347,307,186,132,80,34,3
Lingewaard,1031,1318,1440,1452,980,995,1122,1375,1552,1862,1715,1809,1739,1592,1279,880,604,413,163,42
Lisse,528,598,615,661,530,609,586,672,681,874,890,902,686,758,695,508,377,260,100,24
Lith,,,,,,,,,,,,,,,,,,,,
Littenseradiel,,,,,,,,,,,,,,,,,,,,
Lochem,634,794,992,1013,558,564,638,714,917,1291,1337,1365,1263,1305,1222,963,697,483,228,61
Loenen,,,,,,,,,,,,,,,,,,,,
Loon op Zand,527,567,619,675,556,595,628,630,669,879,904,941,797,780,650,505,367,249,93,20
Loosdrecht,,,,,,,,,,,,,,,,,,,,
Lopik,347,384,473,578,418,376,357,352,438,616,584,517,431,383,332,228,148,87,34,9
Loppersum,214,257,275,296,204,198,201,238,286,359,399,407,390,354,270,165,114,99,47,20
Losser,480,556,648,699,507,520,560,547,604,856,881,834,861,789,680,519,326,227,63,24
Maarn,,,,,,,,,,,,,,,,,,,,
Maarssen,,,,,,,,,,,,,,,,,,,,
Maartensdijk,,,,,,,,,,,,,,,,,,,,
Maasbracht,,,,,,,,,,,,,,,,,,,,
Maasbree,,,,,,,,,,,,,,,,,,,,
Maasdonk,,,,,,,,,,,,,,,,,,,,
Maasdriel,611,633,692,727,565,608,666,682,726,980,938,976,813,751,625,387,304,207,96,17
Maasgouw,427,407,521,629,465,520,545,526,631,884,1005,1069,968,929,816,581,433,285,109,27
Maasland,,,,,,,,,,,,,,,,,,,,
Maassluis,827,854,860,913,789,978,955,1002,971,1200,1097,1095,1075,1166,1117,678,464,345,112,39
Maastricht,2060,2154,2191,4385,8948,5163,3326,2944,2838,3641,4133,4281,4133,3758,3310,2599,1960,1368,620,144
Margraten,,,,,,,,,,,,,,,,,,,,
Markelo,,,,,,,,,,,,,,,,,,,,
De Marne,227,240,285,284,191,234,230,240,272,354,392,401,410,385,339,201,154,79,44,16
Marum,225,253,279,355,247,246,278,264,307,449,396,428,314,311,273,176,141,82,40,4
Medemblik,1099,1230,1339,1364,1075,1056,1132,1178,1329,1661,1709,1647,1527,1461,1274,762,520,298,124,51
Meerlo-Wanssum,,,,,,,,,,,,,,,,,,,,
Meerssen,351,414,478,530,398,395,372,442,538,745,854,819,676,716,671,523,376,249,91,31
Meierijstad,1937,2125,2305,2559,1904,2104,2175,2263,2298,2970,3087,3134,2731,2433,2057,1492,1236,715,285,86
Meijel,,,,,,,,,,,,,,,,,,,,
Menaldumadeel,,,,,,,,,,,,,,,,,,,,
Menameradiel,,,,,,,,,,,,,,,,,,,,
Menterwolde,,,,,,,,,,,,,,,,,,,,
Meppel,818,940,1123,1047,827,973,954,1051,1087,1328,1244,1151,1067,1040,874,629,451,313,164,42
Middelburg (Z.),1148,1270,1316,1542,1344,1314,1307,1444,1429,1780,1759,1644,1712,1603,1449,1071,783,560,232,90
Middelharnis,,,,,,,,,,,,,,,,,,,,
Midden-Delfland,500,574,595,655,509,399,523,554,602,769,809,762,613,485,421,342,251,188,78,12
Midden-Drenthe,658,796,925,1077,744,726,757,747,926,1339,1377,1343,1248,1161,1033,722,501,361,148,39
Midden-Groningen,1373,1550,1638,1831,1394,1400,1510,1633,1852,2437,2471,2406,2140,1968,1837,1239,897,506,239,72
Mierlo,,,,,,,,,,,,,,,,,,,,
Mill en Sint Hubert,193,250,306,349,280,268,204,253,334,393,456,446,390,344,296,201,163,121,40,4
Millingen aan de Rijn,,,,,,,,,,,,,,,,,,,,
Moerdijk,781,978,1007,1096,777,901,953,1045,1115,1489,1544,1407,1217,1220,1117,705,558,337,157,45
Molenlanden,,,,,,,,,,,,,,,,,,,,
Molenwaard,837,930,1034,1079,882,800,752,779,803,1036,1045,930,809,841,743,475,317,216,79,34
Monster,,,,,,,,,,,,,,,,,,,,
Montferland,675,773,972,1110,840,884,770,827,973,1431,1535,1432,1250,1238,1140,823,597,357,138,29
Montfoort,373,390,480,482,389,325,337,363,453,547,562,476,408,410,413,251,135,81,39,11
Mook en Middelaar,105,154,218,252,125,150,121,143,218,328,340,364,305,327,288,214,152,84,27,4
Moordrecht,,,,,,,,,,,,,,,,,,,,
Muiden,,,,,,,,,,,,,,,,,,,,
Naaldwijk,,,,,,,,,,,,,,,,,,,,
Naarden,,,,,,,,,,,,,,,,,,,,
Neder-Betuwe,809,766,824,845,696,753,597,627,635,862,812,716,705,635,577,343,257,202,83,20
Nederhorst den Berg,,,,,,,,,,,,,,,,,,,,
Nederlek,,,,,,,,,,,,,,,,,,,,
Nederweert,360,408,397,513,425,411,395,459,451,635,706,682,598,582,477,392,292,164,64,16
Neede,,,,,,,,,,,,,,,,,,,,
Neerijnen,344,360,440,400,293,355,323,299,378,518,531,417,364,306,319,211,118,94,40,9
Niedorp,,,,,,,,,,,,,,,,,,,,
Nieuwegein,1566,1566,1631,1714,1527,1983,1963,1985,1824,2288,2171,2349,2454,2308,1766,1071,677,410,137,33
Nieuwerkerk aan den IJssel,,,,,,,,,,,,,,,,,,,,
Nieuwkoop,707,700,786,866,729,749,738,732,772,1029,1113,1179,976,883,777,506,378,207,100,17
Nieuw-Lekkerland,,,,,,,,,,,,,,,,,,,,
Nieuwleusen,,,,,,,,,,,,,,,,,,,,
Nijefurd,,,,,,,,,,,,,,,,,,,,
Nijkerk,1229,1286,1417,1394,1015,1108,1290,1203,1341,1691,1533,1341,1236,1171,1177,757,565,350,136,31
Nijmegen,4105,4027,3784,5396,12350,8394,6097,5193,4942,5503,5619,5468,5108,4527,3735,2564,2053,1245,571,148
Nissewaard,2014,2211,2097,2347,2266,2654,2772,2587,2517,3101,3277,3530,3327,2678,2235,1542,1051,711,261,55
Noardeast-Fryslân,,,,,,,,,,,,,,,,,,,,
Noord-Beveland,126,158,183,174,144,146,145,192,199,268,301,289,314,280,290,167,121,77,43,17
Noordenveld,764,822,975,982,515,581,739,840,915,1197,1265,1239,1186,1104,1207,869,603,383,158,44
Noorder-Koggenland,,,,,,,,,,,,,,,,,,,,
Noordoostpolder,1286,1408,1503,1524,1118,1341,1404,1372,1350,1681,1654,1607,1480,1278,1110,731,550,356,178,48
Noordwijk,538,683,680,692,606,644,671,756,787,1030,986,1020,963,876,795,525,354,249,131,32
Noordwijkerhout,358,393,419,534,393,481,501,441,460,638,640,595,591,540,463,316,256,159,48,13
Nootdorp,,,,,,,,,,,,,,,,,,,,
"Nuenen, Gerwen en Nederwetten",520,542,650,692,440,427,545,595,604,859,912,991,825,864,897,563,413,221,82,17
Nunspeet,767,792,838,921,733,756,741,745,749,893,984,944,901,773,759,515,425,302,138,40
Nuth,279,331,324,376,323,352,339,405,400,529,614,656,565,597,539,412,299,206,81,26
Obdam,,,,,,,,,,,,,,,,,,,,
Oegstgeest,652,739,727,762,505,524,654,742,732,954,926,882,806,701,698,523,374,316,139,36
Oirschot,414,457,498,600,471,454,405,470,479,710,729,857,656,603,471,361,278,202,78,24
Oisterwijk,531,654,778,799,541,668,570,650,767,992,1044,1058,876,901,827,636,491,334,125,24
Oldambt,746,863,1034,1090,871,881,871,967,1084,1478,1519,1509,1424,1314,1270,848,664,439,218,72
Oldebroek,641,702,709,769,650,671,657,636,673,842,882,848,746,637,571,398,353,198,85,15
Oldenzaal,730,905,988,865,736,816,777,868,975,1137,1187,1176,1054,1103,1016,718,527,350,141,34
Olst,,,,,,,,,,,,,,,,,,,,
Olst-Wijhe,360,454,523,590,447,412,438,420,489,708,771,705,622,591,494,329,250,195,86,25
Ommen,417,504,528,548,375,432,449,473,492,604,669,637,609,573,543,341,263,194,77,18
Onderbanken,136,150,184,244,138,189,184,187,215,312,339,339,330,271,245,179,114,87,45,7
Oost Gelre,685,700,856,979,674,691,735,683,783,1109,1181,1172,1000,990,800,657,475,324,118,36
Oostburg,,,,,,,,,,,,,,,,,,,,
Oosterhout,1302,1352,1489,1618,1332,1451,1483,1572,1613,2167,2156,2168,1814,1960,1732,1149,853,480,211,43
Oostflakkee,,,,,,,,,,,,,,,,,,,,
Ooststellingwerf,552,611,681,774,497,572,618,639,761,883,999,1043,919,937,797,523,448,273,137,52
Oostzaan,236,235,263,329,248,246,254,270,303,421,441,380,275,286,269,219,137,81,43,10
Ootmarsum,,,,,,,,,,,,,,,,,,,,
Opmeer,238,285,377,379,306,320,244,283,338,438,433,383,391,374,342,232,161,97,43,9
Opsterland,631,818,922,986,670,648,700,726,861,1288,1067,1179,1030,928,871,538,451,327,124,37
Oss,2189,2301,2412,2874,2410,2598,2519,2568,2684,3544,3505,3446,2950,2804,2401,1702,1283,804,318,75
Oud-Beijerland,606,660,741,803,556,614,671,651,786,942,961,854,812,784,710,488,368,235,83,37
Oude IJsselstreek,737,924,1115,1260,903,857,869,1002,1112,1503,1609,1496,1429,1364,1184,920,667,438,210,55
Ouder-Amstel,346,358,437,384,292,299,323,419,417,566,568,504,460,450,390,253,204,141,61,14
Ouderkerk,,,,,,,,,,,,,,,,,,,,
Oudewater,279,298,308,319,273,291,232,284,301,375,432,347,301,327,289,225,147,94,50,7
Overbetuwe,1226,1406,1544,1620,1013,1068,1241,1394,1597,1996,1921,1703,1503,1436,1291,857,589,340,133,29
Papendrecht,770,859,928,972,785,885,919,907,1061,1217,1206,1092,1037,1021,1027,746,523,301,116,32
Peel en Maas,899,1030,1204,1258,1071,1151,1043,1115,1217,1547,1773,1729,1499,1440,1214,885,661,395,142,51
Pekela,296,310,273,360,288,322,302,329,375,456,463,449,439,394,387,257,180,126,53,12
Pijnacker,,,,,,,,,,,,,,,,,,,,
Pijnacker-Nootdorp,1446,1820,2120,1798,1268,1164,1475,1907,2071,2530,2151,1749,1277,1165,1045,777,581,384,142,41
Purmerend,1746,1958,2132,2354,2168,2265,2282,2365,2585,3219,3357,3247,2743,2330,2212,1571,1186,807,380,90
Putten,629,667,805,804,703,667,677,666,660,887,920,812,749,677,670,505,386,260,104,24
Raalte,879,940,1062,1176,935,901,887,883,1004,1239,1535,1582,1392,1143,999,757,587,401,173,45
Ravenstein,,,,,,,,,,,,,,,,,,,,
Reeuwijk,,,,,,,,,,,,,,,,,,,,
Reiderland,,,,,,,,,,,,,,,,,,,,
Reimerswaal,752,797,800,729,719,725,692,657,623,800,756,603,588,526,511,321,288,203,101,29
Renkum,574,781,877,806,544,495,592,769,932,1213,1301,1287,1168,1213,1093,907,671,487,230,75
Renswoude,193,163,192,188,153,173,152,155,165,196,158,161,118,137,138,66,46,24,4,2
Reusel-De Mierden,344,347,360,355,327,382,399,354,348,378,451,565,505,417,288,212,157,96,42,5
Rheden,899,1008,1050,1220,967,1003,1047,1105,1204,1573,1671,1629,1523,1514,1450,1258,997,707,346,82
Rhenen,514,578,675,639,484,484,551,504,577,800,704,615,652,605,597,412,326,196,89,17
Ridderkerk,1070,1121,1103,1209,1235,1272,1350,1210,1235,1641,1720,1769,1550,1514,1587,1173,927,621,229,66
Rijnsburg,,,,,,,,,,,,,,,,,,,,
Rijnwaarden,,,,,,,,,,,,,,,,,,,,
Rijnwoude,,,,,,,,,,,,,,,,,,,,
Rijssen,,,,,,,,,,,,,,,,,,,,
Rijssen-Holten,1215,1235,1331,1330,1079,1105,1021,1081,1105,1288,1291,1198,1014,973,985,671,567,394,186,42
Rijswijk (ZH.),1533,1326,1121,1159,1130,1843,1989,1782,1593,1722,1861,1796,1767,1679,1497,1194,1009,759,381,94
Roerdalen,401,429,492,544,401,489,489,508,510,776,867,870,824,858,681,508,353,250,100,17
Roermond,1381,1488,1362,1534,1507,1872,1804,1768,1710,1998,2203,2197,2003,1871,1568,1167,887,571,272,78
Roggel en Neer,,,,,,,,,,,,,,,,,,,,
De Ronde Venen,963,1134,1269,1427,1029,1011,999,1136,1320,1899,1882,1779,1511,1362,1240,836,633,405,142,45
Roosendaal,1790,1924,1993,2227,2063,2233,2136,2116,2248,2949,3122,2801,2600,2517,2177,1601,1226,749,331,92
Rotterdam,17894,17026,15465,17499,25708,29322,25825,22172,19974,21437,20831,19862,17201,14878,12855,9591,7455,5448,2634,869
Rozenburg,,,,,,,,,,,,,,,,,,,,
Rozendaal,34,44,54,56,19,8,20,40,50,70,69,60,55,49,63,37,34,24,8,3
Rucphen,436,440,499,576,517,576,585,544,592,898,1086,981,850,811,703,452,319,192,64,18
Ruurlo,,,,,,,,,,,,,,,,,,,,
Sas van Gent,,,,,,,,,,,,,,,,,,,,
Sassenheim,,,,,,,,,,,,,,,,,,,,
Schagen,918,1196,1369,1396,1095,1021,1059,1159,1403,1780,1707,1734,1626,1737,1608,1075,598,456,187,51
Scheemda,,,,,,,,,,,,,,,,,,,,
Schermer,,,,,,,,,,,,,,,,,,,,
Scherpenzeel,310,334,288,337,283,310,262,275,274,358,316,303,233,290,283,176,139,87,43,9
Schiedam,2041,2053,2016,2231,2425,2799,2619,2598,2540,2871,2843,2574,2351,2074,1797,1260,986,772,342,109
Schiermonnikoog,13,16,17,17,22,18,18,22,25,39,33,35,37,30,44,22,23,6,7,4
Schijndel,,,,,,,,,,,,,,,,,,,,
Schinnen,257,290,304,315,248,261,309,321,364,453,510,571,483,491,477,335,259,153,61,15
Schipluiden,,,,,,,,,,,,,,,,,,,,
Schoonhoven,,,,,,,,,,,,,,,,,,,,
Schoorl,,,,,,,,,,,,,,,,,,,,
Schouwen-Duiveland,728,729,859,956,685,737,790,794,881,1258,1330,1316,1266,1272,1255,841,642,420,204,81
Sevenum,,,,,,,,,,,,,,,,,,,,
Simpelveld,203,222,251,277,209,235,256,263,292,389,455,450,415,384,372,289,214,123,31,4
Sint Anthonis,257,222,334,379,268,286,266,266,279,426,487,480,410,333,258,218,198,144,50,18
Sint-Michielsgestel,666,752,860,915,591,579,710,771,886,1155,1150,1097,950,893,796,631,466,277,109,25
Sint-Oedenrode,,,,,,,,,,,,,,,,,,,,
Sittard,,,,,,,,,,,,,,,,,,,,
Sittard-Geleen,1784,1948,2090,2448,2356,2651,2473,2479,2475,3317,3880,3920,3593,3277,2708,2166,1807,1118,473,134
Skarsterlân,,,,,,,,,,,,,,,,,,,,
Sliedrecht,757,750,747,731,689,826,801,752,712,864,826,770,754,688,661,489,395,296,148,39
Slochteren,,,,,,,,,,,,,,,,,,,,
Sluis,462,472,525,574,507,536,569,537,602,870,958,929,925,923,877,623,450,333,187,61
Sluis-Aardenburg,,,,,,,,,,,,,,,,,,,,
Smallingerland,1345,1516,1646,1811,1388,1469,1531,1563,1548,2045,2141,1925,1850,1652,1732,1198,869,582,222,61
Sneek,,,,,,,,,,,,,,,,,,,,
Soest,1048,1306,1400,1443,1037,1061,1080,1275,1399,1827,1844,1696,1531,1564,1528,975,780,521,245,83
Someren,438,392,467,609,520,587,532,408,508,666,831,774,642,559,493,351,297,192,70,20
Son en Breugel,449,454,506,524,325,375,405,483,501,653,672,578,437,443,514,432,389,232,76,12
Spijkenisse,,,,,,,,,,,,,,,,,,,,
Stad Delden,,,,,,,,,,,,,,,,,,,,
Stadskanaal,668,795,862,902,720,752,792,791,908,1184,1253,1215,1077,1101,1102,832,683,416,193,40
Staphorst,583,614,624,681,511,487,459,448,443,560,511,474,433,391,374,238,173,106,52,11
Stede Broec,571,580,598,709,566,560,604,571,654,811,754,757,703,773,737,383,228,149,55,12
Steenbergen,499,522,566,662,712,667,667,652,682,985,1024,916,817,793,734,468,324,244,112,24
Steenderen,,,,,,,,,,,,,,,,,,,,
Steenwijk,,,,,,,,,,,,,,,,,,,,
Steenwijkerland,1020,1088,1301,1409,1014,1047,1075,1142,1201,1657,1603,1676,1547,1333,1300,927,705,454,195,58
Stein (L.),419,476,606,649,502,563,562,594,720,1012,987,1070,1013,1016,868,673,421,299,130,22
Stichtse Vecht,1722,1955,1872,1845,1495,1521,1738,1903,2072,2550,2684,2434,2334,2084,1879,1201,833,536,230,69
Strijen,175,186,223,287,229,216,195,200,246,432,377,365,301,328,269,169,128,66,38,14
Súdwest-Fryslân,2049,2420,2821,2910,1968,2056,2190,2288,2490,3503,3408,3251,2985,2826,2759,1913,1360,859,390,123
Susteren,,,,,,,,,,,,,,,,,,,,
Swalmen,,,,,,,,,,,,,,,,,,,,
Tegelen,,,,,,,,,,,,,,,,,,,,
Terneuzen,1245,1268,1301,1468,1152,1388,1364,1439,1552,2054,2041,1978,1939,1931,1939,1291,938,691,317,102
Terschelling,110,102,108,108,138,101,118,131,137,191,167,178,138,178,158,105,86,39,15,6
Texel,236,322,352,396,293,311,307,329,354,546,571,538,585,528,486,274,208,126,51,20
Teylingen,874,960,1091,1228,865,895,964,1016,1130,1457,1588,1450,1123,970,929,681,541,362,145,26
Tholen,712,819,824,804,742,740,699,671,722,957,978,859,730,685,685,457,333,230,116,33
Thorn,,,,,,,,,,,,,,,,,,,,
Tiel,1016,1124,1213,1360,1151,1218,1191,1240,1355,1644,1666,1448,1309,1224,1048,641,483,314,146,39
Tilburg,5140,5365,5369,6515,10117,8245,6998,6648,6496,7614,7386,6762,6047,5660,4972,3459,2630,1723,725,189
Tubbergen,457,551,723,823,592,524,477,491,573,849,824,771,675,579,486,380,310,223,84,17
Twenterand,894,1023,1141,1130,829,840,942,950,981,1261,1226,1135,1032,976,920,564,428,308,117,17
Tynaarlo,862,977,988,1009,454,530,733,914,1038,1341,1338,1352,1235,1119,1066,766,630,426,212,59
Tytsjerksteradiel,751,894,967,1039,697,683,793,803,880,1152,1193,1111,1122,1082,1020,703,523,338,156,44
Ubbergen,,,,,,,,,,,,,,,,,,,,
Uden,1036,1111,1206,1254,1034,1178,1135,1276,1285,1531,1581,1456,1366,1377,1146,910,634,369,140,37
Uitgeest,315,360,423,416,355,380,371,400,425,593,558,501,385,360,338,219,160,103,44,12
Uithoorn,734,840,861,911,719,751,869,899,992,1207,1297,1047,809,745,769,596,458,274,111,28
Urk,968,1003,929,832,817,826,635,630,546,521,571,469,354,309,304,181,145,79,33,4
Utrecht,10936,9878,8628,8849,21189,21192,16775,13337,11476,11346,9192,8208,6745,5753,4867,3562,2651,1784,866,275
Utrechtse Heuvelrug,1107,1294,1477,1588,988,827,1050,1298,1482,1968,2000,1921,1645,1617,1646,1247,942,715,348,109
Vaals,148,187,154,216,250,175,207,240,234,342,435,451,430,387,365,270,204,116,58,12
Valburg,,,,,,,,,,,,,,,,,,,,
Valkenburg (ZH.),,,,,,,,,,,,,,,,,,,,
Valkenburg aan de Geul,275,300,323,406,329,379,358,384,421,589,690,709,625,653,641,463,378,228,121,23
Valkenswaard,622,635,734,861,760,744,782,779,843,1104,1251,1192,1050,1081,1097,768,599,413,134,40
Veendam,578,768,725,785,625,622,673,786,831,1073,1090,990,1002,960,849,569,473,249,150,43
Veenendaal,1972,1914,2039,2105,1853,2044,2047,2000,1986,2352,2172,2157,1936,1876,1560,1144,877,552,235,57
Veere,509,510,568,667,458,468,459,504,565,782,793,810,840,914,776,506,374,254,117,43
Veghel,,,,,,,,,,,,,,,,,,,,
Veldhoven,1068,1129,1175,1299,1010,1116,1253,1329,1389,1704,1749,1757,1492,1413,1223,990,733,486,159,22
Velsen,1633,1694,1773,2121,1818,1848,1770,1815,1987,2731,2888,2632,2164,1914,1802,1297,1007,837,338,93
Venhuizen,,,,,,,,,,,,,,,,,,,,
Venlo,2219,2440,2561,2776,2782,3012,2970,2905,2928,3607,3791,3931,3462,3240,2737,2119,1685,1093,465,119
Venray,919,1010,1177,1412,1021,1118,1128,1162,1239,1605,1738,1651,1458,1437,1121,931,625,369,137,35
Vianen,497,550,558,644,487,570,595,572,631,823,728,684,643,654,589,414,230,168,91,24
Vijfheerenlanden,,,,,,,,,,,,,,,,,,,,
Vlaardingen,1910,1908,1788,1870,2006,2364,2295,2203,2206,2649,2507,2508,2289,2277,2062,1495,1185,903,407,127
Vlagtwedde,,,,,,,,,,,,,,,,,,,,
Vleuten-De Meern,,,,,,,,,,,,,,,,,,,,
Vlieland,12,17,30,36,49,51,24,17,41,47,44,50,38,29,32,24,15,9,3,1
Vlissingen,982,1128,1075,1131,1316,1181,1191,1287,1313,1538,1554,1590,1593,1532,1417,978,701,535,274,76
Vlist,,,,,,,,,,,,,,,,,,,,
Voerendaal,260,268,285,344,235,256,306,313,336,422,512,540,500,490,444,346,245,139,48,15
Voorburg,,,,,,,,,,,,,,,,,,,,
Voorhout,,,,,,,,,,,,,,,,,,,,
Voorschoten,671,795,779,759,550,548,578,766,823,985,989,911,798,809,772,612,459,364,172,48
Voorst,542,637,689,708,534,532,553,607,612,843,1016,1023,906,834,709,586,393,298,114,26
Vorden,,,,,,,,,,,,,,,,,,,,
Vriezenveen,,,,,,,,,,,,,,,,,,,,
Vught,661,784,730,751,555,547,685,796,852,959,1114,982,840,855,679,492,504,282,154,45
Waadhoeke,1071,1194,1417,1455,1020,1028,1045,1167,1370,1716,1752,1684,1650,1562,1350,848,656,412,208,46
Waalre,393,468,473,521,314,325,416,475,527,637,657,668,550,533,576,427,345,242,98,15
Waalwijk,1180,1213,1231,1332,1149,1369,1460,1421,1413,1825,1793,1633,1563,1533,1399,1027,709,454,183,50
Waddinxveen,804,794,782,788,713,887,836,769,798,928,983,977,893,892,693,564,408,239,108,17
Wageningen,730,775,834,1273,3460,1979,1155,1055,891,1089,1158,1089,990,892,867,613,460,363,208,68
Warmond,,,,,,,,,,,,,,,,,,,,
Warnsveld,,,,,,,,,,,,,,,,,,,,
Wassenaar,561,779,913,919,467,407,443,620,836,1108,1140,1020,822,828,889,721,520,434,239,87
Wateringen,,,,,,,,,,,,,,,,,,,,
Waterland,409,456,507,481,372,348,361,446,505,682,684,689,670,640,573,408,268,178,71,19
Weerselo,,,,,,,,,,,,,,,,,,,,
Weert,1126,1170,1229,1393,1242,1361,1354,1322,1350,1770,2002,1902,1700,1628,1487,1207,855,524,186,53
Weesp,527,549,492,503,450,566,597,621,645,758,708,726,623,556,523,378,286,247,91,17
Wehl,,,,,,,,,,,,,,,,,,,,
Werkendam,698,807,803,897,692,721,719,727,800,1005,934,964,866,864,732,508,369,225,98,18
Wervershoof,,,,,,,,,,,,,,,,,,,,
West Betuwe,,,,,,,,,,,,,,,,,,,,
West Maas en Waal,387,476,508,593,445,455,451,469,532,788,811,810,660,637,495,391,259,181,73,15
Wester-Koggenland,,,,,,,,,,,,,,,,,,,,
Westerkwartier,,,,,,,,,,,,,,,,,,,,
Westerveld,379,376,527,545,316,330,393,398,503,744,779,811,772,748,735,517,393,231,109,31
Westervoort,355,366,405,417,338,429,450,413,430,580,630,764,650,507,349,227,166,109,58,10
Westerwolde,448,575,599,685,476,486,509,574,625,880,1015,1067,987,977,880,598,433,299,164,39
Westland,2647,2992,3093,3195,3224,3280,3110,3104,3238,4006,4063,3869,3227,3050,2799,1976,1452,969,386,100
Weststellingwerf,579,622,689,753,572,627,662,655,704,962,972,1017,921,862,769,571,490,293,162,38
Westvoorne,255,302,343,403,290,277,294,333,420,582,636,604,561,538,503,355,301,179,109,34
Wierden,657,706,767,807,580,584,678,656,656,845,906,874,767,758,699,479,374,244,92,18
Wieringen,,,,,,,,,,,,,,,,,,,,
Wieringermeer,,,,,,,,,,,,,,,,,,,,
Wijchen,878,1084,1230,1362,897,889,1042,1150,1267,1708,1715,1630,1365,1355,1177,804,555,335,139,35
Wijdemeren,500,615,700,729,437,443,525,610,677,1030,1025,975,844,805,860,546,383,271,130,30
Wijhe,,,,,,,,,,,,,,,,,,,,
Wijk bij Duurstede,584,605,666,801,551,604,595,645,685,993,973,1032,986,820,609,360,274,142,63,19
Winschoten,,,,,,,,,,,,,,,,,,,,
Winsum,295,386,437,452,230,266,266,366,422,511,537,553,508,508,470,237,177,135,47,30
Winterswijk,594,710,872,885,654,709,683,751,812,1014,1153,1103,1049,947,855,652,482,355,159,40
Wisch,,,,,,,,,,,,,,,,,,,,
Woensdrecht,458,487,535,620,486,526,516,547,646,887,896,831,693,805,769,523,344,187,82,24
Woerden,1384,1590,1641,1778,1225,1330,1467,1589,1693,2030,1949,1822,1591,1524,1358,878,652,458,167,45
Wognum,,,,,,,,,,,,,,,,,,,,
De Wolden,513,572,688,818,483,479,536,549,630,974,960,937,891,803,713,527,416,299,135,37
Wormerland,311,360,446,528,416,380,321,392,438,696,729,606,504,503,531,419,253,162,61,17
Woudenberg,405,395,413,416,337,357,371,389,353,495,444,404,385,334,353,256,206,118,43,11
Woudrichem,386,378,468,437,334,406,368,417,413,561,569,543,484,490,383,264,177,136,69,22
Wûnseradiel,,,,,,,,,,,,,,,,,,,,
Wymbritseradiel,,,,,,,,,,,,,,,,,,,,
Zaanstad,4171,4146,4304,4508,4189,4815,5145,4997,5133,6128,5984,5140,4476,4379,4084,2767,1940,1242,550,155
Zaltbommel,795,806,924,976,767,751,778,794,849,1059,1036,934,835,777,714,479,310,217,90,23
Zandvoort,329,360,413,415,360,425,389,477,560,695,682,628,668,648,661,433,288,207,96,42
Zederik,416,422,450,467,385,409,373,379,382,490,514,480,411,397,368,252,186,115,61,22
Zeevang,,,,,,,,,,,,,,,,,,,,
Zeewolde,557,652,750,824,654,729,586,642,678,968,1054,859,605,417,378,276,185,110,28,6
Zeist,1730,1813,1836,2012,1744,1697,1770,1926,1937,2312,2310,2115,1952,1948,1767,1332,1002,799,424,148
Zelhem,,,,,,,,,,,,,,,,,,,,
Zevenaar,968,1050,1215,1229,954,1024,1099,1219,1281,1613,1686,1564,1582,1708,1470,986,772,417,183,36
Zevenhuizen-Moerkapelle,,,,,,,,,,,,,,,,,,,,
Zijpe,,,,,,,,,,,,,,,,,,,,
Zoetermeer,3297,3621,3435,3630,3316,3931,4025,4003,3816,4573,4721,4812,4714,3948,3204,1973,1388,918,421,124
Zoeterwoude,191,223,213,290,230,207,218,224,241,324,359,368,274,251,249,169,116,62,30,11
Zuidhorn,554,627,591,640,381,384,511,519,604,697,694,664,575,579,572,367,246,145,86,23
Zuidplas,1128,1237,1275,1369,1070,1113,1204,1200,1219,1671,1638,1632,1387,1229,1024,698,552,302,146,32
Zundert,432,454,499,582,550,592,536,547,568,776,932,944,748,677,573,412,356,227,97,20
Zutphen,1007,1230,1471,1520,1127,1108,1153,1359,1513,1953,1889,1828,1743,1658,1421,886,630,467,218,61
Zwartewaterland,723,747,803,800,606,692,623,665,663,728,696,699,661,606,524,316,238,150,73,24
Zwartsluis,,,,,,,,,,,,,,,,,,,,
Zwijndrecht,1150,1199,1203,1247,1144,1284,1393,1352,1275,1564,1578,1563,1473,1424,1387,1043,838,526,236,64
Zwolle,3625,3899,3677,3773,4434,4779,4563,4388,4219,4515,4185,3888,3482,3049,2714,1873,1431,980,485,127
Bron: CBS,,,,,,,,,,,,,,,,,,,,
